response_time,availability,throughput,successability,reliability,compliance,best_practices,latency,documentation,service_name,wsdl_address,service_classification,service_class_name
81.0,93,35.6,98,58,89,75,1.0,6,AdminService,http://cuero.tacc.utexas.edu:8080/gridport/services/AdminService?wsdl,2,Gold
277.2,85,1.6,95,73,100,84,6.4,32,noreturnService,http://genome.dkfz-heidelberg.de/menu/hobit/embapps/wsdl/noreturn.wsdl,2,Gold
224.0,78,3.9,79,73,78,84,1.75,96,NumberGuess,http://www.gama-system.com/webservices/numberguess.asmx?wsdl,2,Gold
159.5,71,20.2,72,80,100,78,5.5,2,timetabling,http://covarm.tvu.ac.uk/timetabling/wsdl/timetablingSOAP.wsdl,2,Gold
83.33,98,2.1,100,80,78,87,1.33,66,TNM_Gazetteer_Service,http://gisdata.usgs.net/XMLWebServices/TNM_Gazetteer_Service.asmx?wsdl,1,Platinum
541.0,91,20.3,97,73,100,84,360.0,35,DerniersDecesEPF,http://webservices.enaos.net/DerniersDecesEPF.asmx?WSDL,1,Platinum
230.91,99,10.7,100,67,100,82,20.32,88,WebAcsWS,http://premier.cdms.net/webACS/webACSWS.asmx?wsdl,1,Platinum
118.33,96,7.0,99,73,78,84,8.66,6,GoogleSearchService,http://search.cpan.org/src/BSTILWELL/Net-Google-1.0.1/lib/Net/Google/Services/GoogleSearch.wsdl,3,Silver
1400.0,78,4.3,79,73,78,84,22.25,12,WSKalignService,http://www.ebi.ac.uk/Tools/webservices/wsdl/WSKalign.wsdl,4,Bronze
98.25,90,1.7,96,73,100,80,2.25,36,PermitPlace,http://ws.strikeiron.com/PermitPlace?WSDL,2,Gold
122.0,98,5.7,100,73,78,84,2.0,5,PeReverseAniService,http://realtime.pacificeast.com/ReverseAni/PeReverseAniService.asmx?wsdl,3,Silver
143.6,98,16.7,100,73,78,62,34.4,96,USHolidayService,http://www.27seconds.com/Holidays/US/USHolidayService.asmx?wsdl,1,Platinum
48.35,10,14.9,10,67,78,82,2.92,4,VipWebService,http://vip8prod.messe-berlin.de/vip8_1/config/webservices/VipWebService.wsdl,4,Bronze
123.0,99,7.5,100,80,89,83,2.5,7,WSDLInteropTestDocLitService,http://www.whitemesa.com/r3/InteropTestDocLitParameters.wsdl,2,Gold
210.33,93,2.3,98,67,67,72,46.33,9,SyndicationServiceExperimental,http://yvesk3.dotnet3.hostbasket.com/dasBlog/SyndicationServiceExperimental.asmx?wsdl,4,Bronze
350.5,86,12.0,86,73,89,84,55.5,6,SendPageService,http://www.lat-lon.com/WebServices/SendPageService/SendPage.asmx?wsdl,3,Silver
423.0,63,5.4,63,73,89,62,16.67,41,GeocodeService,http://lbs.wheresoft.com/api/wssp/geocodeservice.asmx?wsdl,4,Bronze
315.5,86,13.6,86,80,89,87,2.0,10,HexBinaryTest,http://www.mssoapinterop.org/asmx/hexBinary.asmx?WSDL,2,Gold
136.0,83,24.6,84,83,89,91,12.0,61,WhoisService,http://www.flash-db.com/services/ws/flashWhois.wsdl,1,Platinum
66.0,83,36.1,84,78,89,89,3.0,11,SecureLogin,http://www.tacsurv.com/TSSIPortal/Global/SecureLogin.asmx?wsdl,1,Platinum
272.3,35,2.7,35,73,67,84,2.8,8,SearchService,http://www.panoramabox.com/webservices/searchservice.asmx?wsdl,4,Bronze
310.09,85,2.4,86,53,89,66,107.52,8,AnalysisWSAppLabImplService,http://www.ebi.ac.uk/soaplab/emboss4/services/alignment_consensus.megamerger?wsdl,4,Bronze
309.0,42,4.5,43,83,89,91,7.29,34,Ensembl,http://xml.nig.ac.jp/wsdl/Ensembl.wsdl,3,Silver
295.6,100,1.1,100,67,100,82,45.2,5,vectorstripService,http://www.ebi.ac.uk/soaplab/emboss4/services/edit.vectorstrip.derived?wsdl,2,Gold
274.0,99,22.6,100,73,100,84,15.0,8,codecoloring_service,http://www.debuglab.com/research/codecoloring/codecoloring_service.asmx?wsdl,1,Platinum
787.47,95,4.5,96,58,100,75,84.6,9,CotizadorService,http://www.lacaja.com.ar/wstst/services/Cotizador/wsdl/Cotizador.wsdl,3,Silver
130.2,62,1.9,62,53,67,71,5.53,7,Interop,http://mssoapinterop.org/stkV3/LoggedInteropTyped.wsdl,4,Bronze
257.4,89,13.9,96,73,100,84,11.6,32,splitterService,http://genome.dkfz-heidelberg.de/menu/hobit/embapps/wsdl/splitter.wsdl,1,Platinum
296.57,85,2.7,85,53,89,66,95.09,10,AnalysisWSAppLabImplService,http://www.ebi.ac.uk/soaplab/emboss4/services/nucleic_repeats.einverted?wsdl,4,Bronze
195.56,100,11.6,100,73,78,80,25.78,95,DictService,http://services.aonaware.com/DictService/DictService.asmx?WSDL,1,Platinum
235.4,87,1.4,95,73,100,84,10.0,41,etandemService,http://genome.dkfz-heidelberg.de/menu/hobit/embapps/wsdl/etandem.wsdl,2,Gold
199.4,99,2.2,100,73,100,84,7.6,38,sigcleaveService,http://genome.dkfz-heidelberg.de/menu/hobit/embapps/wsdl/sigcleave.wsdl,1,Platinum
240.4,88,1.9,96,73,100,84,5.2,35,codcmpService,http://genome.dkfz-heidelberg.de/menu/hobit/embapps/wsdl/codcmp.wsdl,2,Gold
267.4,91,1.5,97,67,100,82,51.0,3,cpgreportService,http://www.ebi.ac.uk/soaplab/emboss4/services/nucleic_cpg_islands.cpgreport.derived?wsdl,3,Silver
310.74,86,3.6,86,53,89,66,93.78,2,AnalysisWSAppLabImplService,http://www.ebi.ac.uk/soaplab/emboss4/services/nucleic_transcription.tfscan?wsdl,4,Bronze
225.5,73,4.0,74,73,67,84,103.83,41,SolarPlotsWebService,http://solarplots.info/SolarPlotsWebService.asmx?WSDL,3,Silver
334.0,67,4.4,67,67,89,72,1.9,40,OA_CB,http://www.multispeak.org/interface/30j/15_OA_CB.asmx?WSDL,4,Bronze
287.07,94,8.3,98,67,89,58,11.36,5,Public,http://public.bookscan.ws/index.asmx?wsdl,4,Bronze
219.8,98,1.3,100,73,78,84,5.8,35,domainsweepService,http://genome.dkfz-heidelberg.de/menu/hobit/embapps/wsdl/domainsweep.wsdl,2,Gold
135.67,93,2.4,98,58,67,75,21.84,5,DimeInterop,http://www.mssoapinterop.org/stkV3/dime/dime-doc.wsdl,4,Bronze
326.25,95,8.5,98,73,78,80,10.5,3,SdsUserAndHardwareService,http://webservices-tv.sdo.com/SDSUserandhardwareservice.asmx?wsdl,3,Silver
37.0,71,21.3,72,73,78,84,3.0,4,XarayaSoap,http://esavo.esa.int/ws.php?wsdl,3,Silver
237.12,62,4.8,63,78,89,89,5.5,8,sbml,http://www.basis.ncl.ac.uk/sbml.wsdl,3,Silver
68.91,19,4.4,20,60,78,79,5.91,2,AmazonSearchService,http://www.echo.eos.nasa.gov/documents/wsdl/extended-services/AmazonWebServices.wsdl,4,Bronze
147.75,78,13.7,78,73,89,84,2.25,9,SessionService1,http://ja.gotdotnet.com/quickstart/aspplus/samples/services/Intrinsics/VB/SessionService1.asmx?WSDL,3,Silver
285.57,85,3.1,86,53,89,66,71.61,3,AnalysisWSAppLabImplService,http://www.ebi.ac.uk/soaplab/emboss4/services/nucleic_cpg_islands.newcpgreport?wsdl,4,Bronze
131.25,70,4.8,70,73,89,84,3.63,10,MathService,http://samples.gotdotnet.com/quickstart/aspplus/samples/services/MathService/VB/MathService.asmx?WSDL,3,Silver
92.59,91,17.4,97,72,78,86,1.35,1,PdsSoap,http://www.petrodatasource.com/Soap/PdsSoap.wsdl,2,Gold
232.83,46,4.9,47,78,89,89,11.0,12,SesameService,http://cdsws.u-strasbg.fr/axis/services/Sesame?wsdl,4,Bronze
214.75,57,1.3,58,67,89,72,147.25,84,PlaceFinder,http://arcweb.esri.com/services/v2/PlaceFinder.wsdl,3,Silver
188.0,83,20.9,84,83,89,91,3.0,3,OrderService,http://terra.rixo.net/~jurik/order.wsdl,1,Platinum
464.62,40,3.6,40,78,78,89,16.12,6,ThaiSQL,http://www.thaisql.com/ws/dotnet/webservices.asmx?wsdl,4,Bronze
222.0,73,6.8,74,73,89,80,84.67,9,Service,http://www.strangelights.com/fsharp/AspfDemo/FunctionCalls.asmx?wsdl,3,Silver
186.0,78,11.4,78,67,89,72,37.5,3,AMIWebServiceService,http://www.usatlas.bnl.gov/~dladams/dial/releases/1.20/dial/dial_ws_ami/gsoap/dial_ws_ami.wsdl,4,Bronze
409.0,84,1.0,85,53,89,66,167.0,2,AnalysisWSAppLabImplService,http://www.ebi.ac.uk/soaplab/emboss4/services/phylogeny_molecular_sequence.fdnadist?wsdl,4,Bronze
158.67,93,11.7,98,73,100,84,0.67,61,TMorse,http://web221.area-18.server-home.net/Morse.asmx?WSDL,1,Platinum
127.75,94,4.1,98,73,100,84,1.25,91,XFService,http://www.woodworkingmachineryauction.com/XFService.asmx?wsdl,1,Platinum
40.0,72,19.8,72,73,78,84,3.5,5,XarayaSoap,http://www.lattelenet.lv/modules/soapserver/xaraya.wsdl,3,Silver
169.0,83,21.9,84,83,89,91,37.0,6,VersionService,http://link.caseport.de/axis/services/Version?wsdl,1,Platinum
62.75,56,7.8,56,83,89,91,2.25,10,MulttestService,http://www.vbi.vt.edu/~pathport/services/wsdls/multtest.wsdl,3,Silver
175.6,51,6.4,51,80,100,87,12.4,63,Resources,http://esc.dl.ac.uk/InfoPortal/Resources.wsdl,2,Gold
329.7,85,1.8,86,53,89,66,84.48,6,AnalysisWSAppLabImplService,http://www.ebi.ac.uk/soaplab/emboss4/services/alignment_global.stretcher?wsdl,4,Bronze
134.33,97,6.9,99,73,78,84,8.66,10,GoogleSearchService,http://www-inf.int-evry.fr/cours/WebServices/TP_WS/DotNET/TP_Google/GoogleSearch.wsdl,2,Gold
121.33,90,10.0,97,73,78,84,8.33,5,GoogleSearchService,http://www.dialogica.com.ar/MT3/lib/MT/GoogleSearch.wsdl,3,Silver
703.25,92,3.6,97,73,100,80,265.25,9,dic2,http://www.closerfar.com/dic2.asmx?WSDL,3,Silver
104.75,89,19.4,96,73,78,80,1.5,96,DOTSCurrencyExchange,http://ws2.serviceobjects.net/ce/CurrencyExchange.asmx?WSDL,1,Platinum
99.0,83,17.1,84,73,78,80,4.0,5,UofA,http://amadeus.biosci.arizona.edu/~nirav/batch2.wsdl,3,Silver
531.0,72,8.8,72,83,89,93,7.0,7,SerClsPeticionSOAPTPVPCservice,http://sas-d.sermepa.es/TPV_PC/wsdl/SerClsEntradaTPVPCv3d0_inte.wsdl,3,Silver
1242.11,64,3.3,64,73,89,80,28.67,87,ArticleArchive,http://www.dotnetpro.de/xmlwebservices/articlearchive.asmx?wsdl,3,Silver
146.8,93,1.1,98,73,78,80,1.0,89,SmsService,http://www.gecip.net/SMSWS/sms.asmx?wsdl,1,Platinum
139.5,95,3.2,98,73,78,80,27.5,35,wsDice,http://interlockingapplications.com/gs/wsDice.asmx?wsdl,2,Gold
236.6,94,2.3,98,73,100,84,4.6,36,prophetService,http://genome.dkfz-heidelberg.de/menu/hobit/embapps/wsdl/prophet.wsdl,1,Platinum
338.87,86,2.5,86,53,89,66,97.09,8,AnalysisWSAppLabImplService,http://www.ebi.ac.uk/soaplab/emboss4/services/hmm.ehmmalign?wsdl,4,Bronze
220.6,88,15.0,96,58,100,75,6.2,38,dottupService,http://genome.dkfz-heidelberg.de/menu/hobit/embapps/wsdl/dottup.wsdl,2,Gold
69.71,89,3.5,96,80,100,83,0.42,11,ProductInfo,http://www.vinfo.com/Updates/TGPlugIn/ProductInfo.asmx?wsdl,2,Gold
188.25,88,1.7,96,58,100,75,9.75,4,ChebiWebServiceService,http://www.ebi.ac.uk/webservices/chebi/webservice?wsdl,3,Silver
238.04,48,7.1,49,67,89,77,61.93,40,WebSyndicationService,http://www.foodcandy.com/WebSyndicationService.asmx?WSDL,4,Bronze
153.79,86,10.1,95,67,100,82,31.79,57,HR-XML_x0020_Validation_x0020__x0028_2004-08_x0020_release_x0029_,http://testbed.hr-xml.org/validate200408.asmx?WSDL&v=x,1,Platinum
525.5,94,3.4,94,67,67,84,5.6,95,NetworkNode,http://www.exchangenetwork.net/schema/v1.0/node.wsdl,2,Gold
303.65,85,3.4,85,53,89,66,86.35,7,AnalysisWSAppLabImplService,http://www.ebi.ac.uk/soaplab/emboss4/services/nucleic_gene_finding.wobble?wsdl,4,Bronze
168.5,88,5.0,96,60,89,69,1.0,38,DataGeneration,http://ws.strikeiron.com/DataGeneration?WSDL,3,Silver
368.0,90,12.2,97,60,78,74,14.2,10,ConfigEditingService,http://www.rendelmann.info/blog/ConfigEditingService.asmx?wsdl,3,Silver
109.5,91,24.9,97,83,89,91,2.0,9,Overloaded,http://mssoapinterop.org/stk/wsdl/overloaded.wsdl,1,Platinum
221.0,18,4.3,18,60,78,79,11.35,2,AmazonSearchService,http://webservices.amazon.com/schemas3/AmazonWebServices.wsdl,4,Bronze
129.2,86,3.5,95,67,100,82,1.4,90,XWebFAQs,http://ws.xwebservices.com/XWebFAQs/XWebFAQs.asmx?wsdl,1,Platinum
240.25,78,9.1,79,73,89,80,2.25,10,Rss_Upload,http://www.ras.ru/RSS_upload.asmx?WSDL,3,Silver
123.92,97,15.6,99,73,100,80,15.5,1,EditService,http://www.flexwiki.com/editservice.asmx?WSDL,2,Gold
144.83,91,4.0,92,67,78,66,6.5,4,DimeInterop,http://mssoapinterop.org/stkV3/dime/dime-rpc.wsdl,4,Bronze
158.0,99,25.3,100,60,89,69,26.0,11,XMLPortalService,http://www.lexel.com/EnvGXLogin/html/XMLPortal.html,2,Gold
123.0,78,10.4,78,73,89,84,3.5,7,SessionService1,http://samples.gotdotnet.com/quickstart/aspplus/samples/services/Intrinsics/VB/SessionService1.asmx?WSDL,3,Silver
634.4,92,2.8,97,80,100,87,41.2,34,IMSIVORY,http://gtdemo.gtsoftware.com:8080/soap/axel/soap/imssample/imsIvory?wsdl,1,Platinum
114.0,83,24.1,84,73,89,84,4.0,7,Import1,http://mssoapinterop.org/asmx/WSDL/import1.wsdl,2,Gold
113.75,100,1.0,100,73,78,84,6.75,38,Sample,http://startvbdotnet.com/web/sample2.asmx?wsdl,2,Gold
221.53,26,4.7,26,67,100,77,170.53,10,UserManagement,http://smithbucklin.articulateglobal.com/Portal/services/UserManagement.asmx?wsdl,4,Bronze
193.67,99,12.3,100,73,100,80,1.23,32,NAF,http://www.naf.no/loginservice/main.asmx?WSDL,1,Platinum
80.0,99,36.3,100,80,100,87,13.0,3,Service1,http://atisdemo.mitretek.org/atisdemows/getatisdata.asmx?wsdl,1,Platinum
229.78,16,11.6,17,72,78,86,3.19,58,Guthrie,http://www-iepm.slac.stanford.edu/tools/soap/wsdl/old/guthrie-old.wsdl,4,Bronze
485.0,63,7.8,63,67,78,72,4.67,12,CountryServiceService,http://www.arikan.at/axis/services/CountryService?wsdl,4,Bronze
282.6,89,2.3,96,73,100,84,37.8,9,vrnaplotService,http://www.ebi.ac.uk/soaplab/emboss4/services/nucleic_rna_folding.vrnaplot.derived?wsdl,2,Gold
413.33,100,12.0,100,78,78,89,27.0,7,tbapi,http://www.lokasoft.nl/uk/tbapi.wsdl,2,Gold
324.5,72,14.6,72,78,89,89,124.5,1,GetSomeValueService,http://oscar.snapps.com/portal.nsf/MyService?WSDL,3,Silver
252.4,95,1.8,98,58,100,75,7.6,34,plotconService,http://genome.dkfz-heidelberg.de/menu/hobit/embapps/wsdl/plotcon.wsdl,3,Silver
136.25,78,3.2,79,73,78,84,19.25,11,WebServices,http://www.garlen.net/WebServices.asmx?wsdl,3,Silver
482.0,85,16.0,95,73,100,84,1.0,2,Compound2,http://www.mssoapinterop.org/asmx/WSDL/compound2.wsdl,2,Gold
270.2,86,4.3,95,73,100,84,44.8,6,ehmmfetchService,http://www.ebi.ac.uk/soaplab/emboss4/services/hmm.ehmmfetch.derived?wsdl,2,Gold
190.0,95,1.1,98,73,100,84,6.0,38,fuzznucService,http://genome.dkfz-heidelberg.de/menu/hobit/embapps/wsdl/fuzznuc.wsdl,1,Platinum
71.75,59,1.2,60,67,100,77,4.5,38,FaxMessagingService,http://www.mail-archive.com/wsif-user@ws.apache.org/msg00772/FaxMessagingService.wsdl,4,Bronze
678.5,86,1.7,87,67,78,82,2.5,10,VSOiService,http://vso.nascom.nasa.gov/API/sdacVSOi_strict.wsdl,4,Bronze
481.0,83,18.5,84,78,89,89,4.0,6,ImgCount,http://front-3.cust01.visi.com/isearch-m3/imgcount.php?wsdl,2,Gold
265.4,99,1.5,100,67,100,82,35.2,11,etandemService,http://www.ebi.ac.uk/soaplab/emboss4/services/nucleic_repeats.etandem.derived?wsdl,2,Gold
100.33,87,18.6,95,73,100,80,0.66,93,AIMSAddressWebService,http://ims.jocogov.org/webservices/AddressWebService/AddressWebService.asmx?wsdl,1,Platinum
469.0,98,13.1,100,67,78,77,0.67,93,XigniteArchive,http://www.xignite.com/xArchive.asmx?wsdl,1,Platinum
47.56,62,7.5,63,67,89,72,1.81,38,OA_DGV,http://www.multispeak.org/interface/30j/18_OA_DGV.asmx?wsdl,4,Bronze
842.33,93,7.0,98,73,100,84,109.66,77,CBRFSearchSystem,http://www.cbr.ru/CBRFQuery/query.asmx?WSDL,1,Platinum
102.62,91,15.3,97,67,78,82,0.93,91,DOTSPackageTracking,http://trial.serviceobjects.com/pt/PackTrack.asmx?wsdl,1,Platinum
320.48,86,1.2,86,53,89,66,125.18,10,AnalysisWSAppLabImplService,http://www.ebi.ac.uk/soaplab/emboss4/services/phylogeny_tree_drawing.fdrawgram?wsdl,4,Bronze
2297.64,98,1.6,98,73,67,84,712.55,9,interopLab,http://tclsoap.sourceforge.net/WSDL/silab.wsdl,4,Bronze
150.17,91,18.1,92,73,100,80,4.84,65,AddressManager,http://www.arcwebservices.com/services/v2006/AddressManager.wsdl,1,Platinum
1112.25,78,2.8,79,73,78,84,75.25,17,stock,http://www.wopos.com/webservice/Stock.asmx?wsdl,4,Bronze
292.7,85,1.9,86,53,89,66,85.83,4,AnalysisWSAppLabImplService,http://www.ebi.ac.uk/soaplab/emboss4/services/protein_3d_structure.sigscan?wsdl,4,Bronze
164.5,72,12.5,72,73,100,84,5.5,5,timeDateEmail,http://www.vbtrain.net/samplewebprojects/Web%20Interaction%20Sample/timeDateEmail.asmx?wsdl,3,Silver
123.45,86,7.2,87,67,100,77,5.8,7,AWSECommerceService,http://webservices.amazon.com/AWSECommerceService/JP/AWSECommerceService.wsdl,3,Silver
73.5,87,23.8,95,73,89,62,18.75,95,ImageService,http://leadtools.net/Services/ImageService/ImageService.asmx?wsdl,1,Platinum
113.0,83,22.3,84,83,89,91,4.0,9,EmptySA,http://mssoapinterop.org/asmx/WSDL/emptysa.wsdl,1,Platinum
115.0,83,22.8,84,73,100,84,4.0,11,AreaService,http://www.eclipse.org/webtools/jst/components/ws/0.7/tutorials/TopDownWebService/srcfiles/AreaService.wsdl,2,Gold
230.8,88,1.6,96,73,100,84,8.2,34,primersearchService,http://genome.dkfz-heidelberg.de/menu/hobit/embapps/wsdl/primersearch.wsdl,2,Gold
117.67,94,3.0,95,78,33,89,7.84,4,Interop,http://mssoapinterop.org/stk/Interop1999.wsdl,4,Bronze
49.5,85,1.8,95,67,78,72,1.5,34,DataGeneration,http://www.strikeiron.com/WebServices/datageneration.asmx?WSDL,3,Silver
181.5,71,1.5,72,67,89,72,9.0,60,AccountService,http://www.esendex.com/secure/messenger/soap/AccountService.asmx?wsdl,3,Silver
170.0,91,28.6,97,80,100,87,1.0,3,SerClsWSConsultaService,http://sas-d.sermepa.es/TPV_PC/wsdl/SerClsConsultasSOAPv2d0.wsdl,1,Platinum
314.25,67,5.8,67,73,67,84,39.75,31,News,http://www.meetandplay.com/api/News.asmx?WSDL,4,Bronze
461.5,39,5.1,40,80,89,83,331.88,62,TCrossPlatformSoapService,http://www.ebob42.com/cgi-bin/CrossPlatformSoapService.asmx?wsdl,4,Bronze
850.92,88,3.9,88,67,78,77,476.42,90,XigniteMaster,http://services.xignite.com/xMaster.asmx?wsdl,2,Gold
1238.17,47,3.4,47,72,78,86,43.45,64,MAGGIE,http://www-iepm.slac.stanford.edu/tools/soap/wsdl/old/profile_07.wsdl,4,Bronze
315.0,91,12.7,97,73,100,84,10.6,34,vectorstripService,http://genome.dkfz-heidelberg.de/menu/hobit/embapps/wsdl/vectorstrip.wsdl,1,Platinum
307.3,17,3.8,17,42,89,62,20.23,4,GatewayWSService,http://212.166.209.24:80/ConnectorGateway/services/GatewayWS?wsdl,4,Bronze
161.0,83,25.6,84,78,89,89,4.0,5,IDutchservice,http://ebob42.com/cgi-bin/NumberToWordsInDutch.exe/wsdl/IDutch,1,Platinum
84.0,94,21.6,98,50,89,77,1.0,4,GtsInterfacesService,http://www.myyellow.com/dynamic/services/content/ecommerce/etools/webservices/gtsimplbol.wsdl,3,Silver
166.0,86,25.7,95,73,89,62,100.0,89,NRA_x0020_ILA_x0020_News_x0020_and_x0020_Updates_x0020_Syndication,http://www.nraila.org/Services/HuntingAndConservation.asmx?WSDL,1,Platinum
374.6,51,4.3,51,73,78,84,24.2,6,POCP SOAP Interface,http://pocp.redspider.co.nz/soap.php?wsdl,4,Bronze
250.0,92,13.8,97,73,100,84,9.4,36,est2genomeService,http://genome.dkfz-heidelberg.de/menu/hobit/embapps/wsdl/est2genome.wsdl,1,Platinum
96.5,86,13.3,86,73,78,84,3.0,37,VideoGamesFinder,http://www.xmlme.com/WSVideoGames.asmx?WSDL,2,Gold
102.5,96,3.2,99,80,78,87,42.5,95,ccydemo,http://www.webcontinuum.net/webservices/ccydemo.wsdl,1,Platinum
230.2,89,14.6,96,73,100,84,11.2,33,coderetService,http://genome.dkfz-heidelberg.de/menu/hobit/embapps/wsdl/coderet.wsdl,1,Platinum
208.6,67,4.0,67,73,89,75,56.1,4,Service1,http://ceres.aifb.uni-karlsruhe.de/AI2service/Service1.asmx?wsdl,4,Bronze
1189.5,72,7.2,72,78,89,89,2.0,5,UCDResolverService,http://cdsws.u-strasbg.fr/axis/services/UCDResolver?wsdl,3,Silver
148.56,99,2.3,100,73,89,75,98.67,9,BtblastService,http://staff.vbi.vt.edu/pathport/services/wsdls/pathport/btblast.wsdl,3,Silver
275.87,85,6.5,86,53,89,66,74.44,10,AnalysisWSAppLabImplService,http://www.ebi.ac.uk/soaplab/emboss4/services/phylogeny_discrete_characters.ffactor?wsdl,4,Bronze
193.6,67,3.4,67,73,89,84,23.4,40,NWs,http://www.piccadillyhotel.it/NWs.asmx?wsdl,3,Silver
1422.0,90,3.6,90,73,78,84,19.0,11,WSBlastpgpService,http://www.ebi.ac.uk/Tools/webservices/wsdl/WSBlastpgp.wsdl,3,Silver
222.4,94,1.7,98,73,100,84,5.6,41,maskfeatService,http://genome.dkfz-heidelberg.de/menu/hobit/embapps/wsdl/maskfeat.wsdl,1,Platinum
244.0,86,26.7,95,83,100,91,2.0,9,HelloOpenSOAP,http://www.opensoap.jp/package/samples/Hello/HelloService.wsdl,1,Platinum
276.0,88,1.6,96,67,100,82,32.8,4,stretcherService,http://www.ebi.ac.uk/soaplab/emboss4/services/alignment_global.stretcher.derived?wsdl,3,Silver
668.75,79,2.6,79,73,67,80,35.75,5,Reed_x0020_Affiliates_x0020_WebService,http://www.reed.co.uk/Affiliates/affiliates.asmx?WSDL,4,Bronze
878.5,67,4.0,68,73,78,87,5.75,10,SumibiConvertService,http://www.sumibi.org/sumibi/Sumibi_stable.wsdl,4,Bronze
159.29,41,6.6,41,60,78,69,44.61,66,SimpleTest,http://mssoapinterop.org/asmx/simple.asmx?WSDL,4,Bronze
445.0,89,12.1,96,83,89,91,1.5,10,BulportFinanceService,http://services.bulport.com/finance/finance.wsdl,1,Platinum
188.67,68,0.6,68,67,89,72,60.0,79,RouteFinder,http://arcweb.esri.com/services/v2/RouteFinder.wsdl,3,Silver
315.0,100,26.2,100,83,89,91,5.0,6,JgluService,http://cdsws.u-strasbg.fr/axis/services/Jglu?wsdl,1,Platinum
246.43,85,9.7,95,53,89,66,39.73,8,AnalysisWSAppLabImplService,http://www.ebi.ac.uk/soaplab/emboss4/services/acd.acdvalid?wsdl,4,Bronze
123.0,96,14.6,99,83,89,91,68.5,6,UniquesubsService,http://www.vbi.vt.edu/~pathport/services/wsdls/uniquesubs.wsdl,1,Platinum
241.2,99,0.9,100,58,100,75,7.8,40,pepwindowallService,http://genome.dkfz-heidelberg.de/menu/hobit/embapps/wsdl/pepwindowall.wsdl,2,Gold
273.6,88,13.0,96,73,100,84,7.4,32,restoverService,http://genome.dkfz-heidelberg.de/menu/hobit/embapps/wsdl/restover.wsdl,1,Platinum
174.5,99,2.5,100,80,78,87,1.0,96,TNM_Elevation_Service,http://gisdata.usgs.net/XmlWebServices/TNM_Elevation_service.asmx?WSDL,1,Platinum
174.1,55,10.2,55,67,89,77,28.03,36,WebBlogService,http://www.foodcandy.com/WebBlogService.asmx?WSDL,4,Bronze
172.67,87,6.8,95,73,78,84,14.0,8,GoogleSearchService,http://www.brics.dk/~amoeller/WWW/webservices/GoogleSearch.wsdl,3,Silver
277.78,86,3.2,86,53,89,66,68.87,7,AnalysisWSAppLabImplService,http://www.ebi.ac.uk/soaplab/emboss4/services/edit.descseq?wsdl,4,Bronze
374.2,93,1.0,98,67,100,82,60.6,3,vrnaalifoldpfService,http://www.ebi.ac.uk/soaplab/emboss4/services/nucleic_rna_folding.vrnaalifoldpf.derived?wsdl,3,Silver
148.06,52,7.8,53,67,89,77,88.18,94,Location,http://www.annotatedearth.com/AELocationService/location.asmx?wsdl,3,Silver
319.83,84,1.1,84,53,89,66,108.96,6,AnalysisWSAppLabImplService,http://www.ebi.ac.uk/soaplab/emboss4/services/alignment_local.supermatcher?wsdl,4,Bronze
207.88,92,6.4,93,33,78,59,9.67,3,SABLEArchiRPCService,http://ems.eurostep.fi:8080/SABLE/services/SABLE.DAPI.ARCHI.RPC?wsdl,4,Bronze
536.25,56,7.1,56,83,89,91,3.0,2,PathwayService,http://pathport.vbi.vt.edu/services/wsdls/pathway.wsdl,3,Silver
277.96,85,3.8,86,53,89,66,84.39,10,AnalysisWSAppLabImplService,http://www.ebi.ac.uk/soaplab/emboss4/services/edit.splitter?wsdl,4,Bronze
211.57,89,4.0,96,83,78,91,15.93,7,eUtilsService,http://www.ncbi.nlm.nih.gov/entrez/eutils/soap/eutils.wsdl,2,Gold
55.5,81,19.1,82,73,100,80,4.75,3,AmazonHistoricalPricing,http://ahp.amazonaws.com/AmazonHistoricalPricing/2005-10-19/AmazonHistoricalPricing.wsdl,2,Gold
82.0,83,35.9,84,73,78,75,2.0,3,WarrantyClaimWebService,http://www.walkermowers.com/ws/opei/WarrantyClaimService4.wsdl,2,Gold
166.0,83,28.1,84,83,89,91,6.0,62,HelloService,http://homepages.feis.herts.ac.uk/~bf8au/wsdl/HelloService.wsdl,1,Platinum
378.29,96,9.6,99,80,78,83,8.58,91,VilibidVilibor,http://webservices.lb.lt/VilibidVilibor/VilibidVilibor.asmx?wsdl,1,Platinum
214.0,93,1.3,98,58,100,75,8.6,41,pepwindowallService,http://genome.dkfz-heidelberg.de/menu/hobit/embapps/wsdl/pepwindowall.wsdl,2,Gold
251.8,100,2.5,100,73,100,84,46.0,7,vrnadistanceService,http://www.ebi.ac.uk/soaplab/emboss4/services/nucleic_rna_folding.vrnadistance.derived?wsdl,2,Gold
397.0,56,5.5,56,67,78,85,50.0,4,IAddress3service,http://webservices.hanft.de/wsdl/IAddress3,4,Bronze
132.5,95,1.8,98,60,100,74,48.0,10,ElectronicDataAssistance,http://ws.strikeiron.com/RealEDA/RealEDA?WSDL,3,Silver
251.0,86,2.6,87,73,78,80,143.0,40,CupScores,http://scores.serviceobjects.com/CupScores.asmx?WSDL,3,Silver
97.33,88,1.7,96,73,78,80,1.33,59,DOTSYellowPages,http://trial.serviceobjects.com/yp/YellowPages.asmx?wsdl,2,Gold
223.6,95,14.6,99,73,100,84,9.4,31,splitterService,http://genome.dkfz-heidelberg.de/menu/hobit/embapps/wsdl/splitter.wsdl,1,Platinum
290.3,86,4.4,86,53,89,66,97.47,4,AnalysisWSAppLabImplService,http://www.ebi.ac.uk/soaplab/emboss4/services/protein_2d_structure.pepcoil?wsdl,4,Bronze
64.75,86,7.8,86,67,100,77,7.95,11,AWSECommerceService,http://webservices.amazon.com/AWSECommerceService/CA/AWSECommerceService.wsdl,3,Silver
339.0,87,11.7,95,67,78,72,48.0,3,TRMDemoBPService,http://140.115.51.161:8080/bpelengine/services/TRMDemoBP?WSDL,3,Silver
1134.14,62,1.9,63,73,89,80,1.32,92,FileService,http://d-platform.com/filews/filews.asmx?wsdl,3,Silver
455.94,64,4.9,64,53,89,66,17.53,6,TexServices,http://admin.brandedsms.com/TexServices.asmx?wsdl,4,Bronze
256.96,85,4.5,86,53,89,66,81.0,9,AnalysisWSAppLabImplService,http://www.ebi.ac.uk/soaplab/services/nucleic_motifs.dreg?wsdl,4,Bronze
227.6,86,14.5,95,73,100,84,10.6,39,distmatService,http://genome.dkfz-heidelberg.de/menu/hobit/embapps/wsdl/distmat.wsdl,1,Platinum
411.83,66,2.7,66,80,89,83,78.5,2,Service,http://macrowebservices.com/clients/sdg/ws/service.asmx?WSDL&v=9,4,Bronze
163.0,85,1.8,95,60,100,74,42.33,5,TaxDataComplete,http://ws.strikeiron.com/TaxDataComplete?WSDL,3,Silver
503.67,63,4.9,64,73,89,75,18.0,35,webservice,http://www.jdesign.ru/server.php?wsdl,4,Bronze
665.5,85,2.1,95,73,100,80,29.38,87,rt_info,http://www.cts.com.pl/webservices/rt_info.asmx?wsdl,1,Platinum
267.43,86,5.7,87,53,89,66,77.39,1,AnalysisWSAppLabImplService,http://www.ebi.ac.uk/soaplab/emboss4/services/nucleic_gene_finding.marscan?wsdl,4,Bronze
225.5,86,10.1,86,73,78,84,2.0,40,PingPong,http://www.gama-system.com/webservices/pingpong.asmx?wsdl,2,Gold
184.75,92,4.7,97,73,78,84,1.75,4,WebSitePulseService,http://www2.websitepulse.com/wsdl/wsp.wsdl,3,Silver
785.0,83,10.8,84,83,78,91,46.0,3,SMSWS,http://smsinter.sina.com.cn/ws/smswebservice0101.wsdl,3,Silver
432.0,86,8.8,95,80,100,86,1.29,5,Glide,http://www.service-now.com/demo/sys_user.do?WSDL,2,Gold
235.25,94,8.1,98,73,78,80,93.5,7,WSDLInteropTestDocLitService,http://mssoapinterop.org/asmx/WSDL/WSDLInteropTestDocLitService.wsdl,3,Silver
227.0,92,0.9,97,58,100,75,8.0,34,plotorfService,http://genome.dkfz-heidelberg.de/menu/hobit/embapps/wsdl/plotorf.wsdl,3,Silver
114.0,86,17.9,86,73,89,84,3.0,8,Service1,http://www.smileyberks.com/webservices/SmileyWebServices/Service1.asmx?wsdl,2,Gold
255.08,12,8.1,13,53,78,71,6.34,62,OnlineMessenger,http://www.nims.nl/soap/oms2.wsdl,4,Bronze
115.0,86,8.8,86,73,78,84,61.5,34,Zip2Geo,http://ws.cdyne.com/ziptogeo/zip2geo.asmx?wsdl,2,Gold
1783.25,93,1.9,93,53,67,50,14.25,7,wsTravelService,http://www.intraveller.com/travelservice/wstravelservice.asmx?WSDL,4,Bronze
146.0,90,6.7,97,73,78,84,12.67,2,GoogleSearchService,http://interconnected.org/googlematic/src/GoogleSearch.wsdl,3,Silver
872.0,83,15.4,84,78,89,89,14.0,66,Discordian,http://www.compkarori.com/wsdl/discordian.wsdl,1,Platinum
222.6,85,15.6,95,73,100,84,6.0,34,emowseService,http://genome.dkfz-heidelberg.de/menu/hobit/embapps/wsdl/emowse.wsdl,1,Platinum
233.0,94,14.5,98,58,100,75,11.4,34,pepinfoService,http://genome.dkfz-heidelberg.de/menu/hobit/embapps/wsdl/pepinfo.wsdl,2,Gold
165.0,92,25.6,97,89,78,93,1.0,11,eUtilsService,http://www.ncbi.nlm.nih.gov/entrez/eutils/soap/efetch.wsdl,1,Platinum
263.0,83,13.2,84,67,100,82,104.0,7,SvnAdmin,http://www.projxpert.com/Service/v1/SvnAdmin.asmx?wsdl,3,Silver
184.5,90,9.4,97,60,78,69,33.62,88,XigniteInsider,http://xignite.com/xInsider.asmx?wsdl,2,Gold
101.84,14,10.6,15,60,89,69,3.29,90,ODWS,http://solveit4odos.brinkster.net/odws/odws.asmx?WSDL,4,Bronze
140.0,89,7.0,96,73,78,84,9.67,5,GoogleSearchService,http://www.ncc.up.pt/~zp/aulas/0203/adi/aulas/serve/wsdl/GoogleSearch.wsdl,3,Silver
345.0,72,10.3,72,83,89,93,2.0,12,SerClsPeticionSOAPTPVPCservice,http://sas-d.sermepa.es/TPV_PC/wsdl/SerClsEntradaTPVPCv3d0ssl.wsdl,2,Gold
143.0,83,15.9,84,73,78,84,23.0,57,NewsSearchService,http://www.flash-db.com/services/ws/newsSearch.wsdl,2,Gold
206.8,89,2.5,96,73,100,84,6.2,32,geeceeService,http://genome.dkfz-heidelberg.de/menu/hobit/embapps/wsdl/geecee.wsdl,2,Gold
130.25,79,2.4,79,73,78,84,93.75,94,IP2Geo,http://ws.cdyne.com/ip2geo/ip2geo.asmx?wsdl,2,Gold
789.0,84,2.5,84,67,78,72,608.0,58,PrixElementPrestaServiceProxy,http://www.amplitude-voyages.biz/TOP_WS/WebServices/PrixElementPrestaService.wsdl,3,Silver
217.5,86,11.7,86,73,89,84,99.0,91,Weather,http://www.deeptraining.com/webservices/weather.asmx?wsdl,1,Platinum
142.5,93,4.4,98,73,78,84,26.75,95,ClientService,http://www.textdisguise.com/TextDisguise/ClientService/ClientService.asmx?wsdl,1,Platinum
64.4,95,4.1,99,73,100,80,9.0,39,SMSMessagingService,http://www.strikeiron.com/WebServices/SMSMessagingService.asmx?WSDL,1,Platinum
138.5,46,10.0,46,73,89,75,5.0,39,BiologicalMarkupService,http://services.bio.ifi.lmu.de:1046/prothesaurus/services/BiologicalMarkupService?wsdl,4,Bronze
555.0,83,5.6,84,73,89,84,111.0,4,addressMeister.comService,http://addressmeister.bizware.com/service/wsdl/server.soap.2.wsdl,3,Silver
2123.0,100,8.8,100,73,100,84,4.0,2,Service1,http://www.agiledeveloper.com/venkat/wsmay2005/Service1.asmx?wsdl,3,Silver
179.0,85,1.1,95,60,100,74,47.0,76,BusinessOrGovernmentalLookup,http://ws.strikeiron.com/RatchetSoft.StrikeIron/BusinessOrGovernmentalLookup?WSDL,2,Gold
3283.0,92,1.6,93,73,78,80,35.75,38,Search,http://voservices.net/filter/ws_v2_1/search.asmx?WSDL,4,Bronze
163.25,87,1.7,95,73,100,80,0.25,42,BirdwellMusicServices,http://www.birdwellmusic.com/BirdwellMusicServices.asmx?wsdl,2,Gold
121.46,61,13.9,62,67,89,77,9.15,5,AutoService,http://www.autojockey.net/AutoService.asmx?wsdl,4,Bronze
173.0,46,3.8,47,78,89,89,4.83,93,Personne,http://synergiciel.cecam.net/Cecam.SynergicielV2.Ws/Personne.asmx?WSDL,2,Gold
366.0,88,8.3,88,73,100,84,52.0,11,ITranslateSvc,http://office2003research.translate.ru/ResearchService/ITranslateSvc.asmx?wsdl,2,Gold
311.25,56,7.0,56,83,89,91,7.0,24,OMIM,http://xml.nig.ac.jp/wsdl/OMIM.wsdl,3,Silver
303.74,85,4.5,86,53,89,66,110.44,1,AnalysisWSAppLabImplService,http://www.ebi.ac.uk/soaplab/emboss4/services/nucleic_repeats.etandem?wsdl,4,Bronze
246.25,88,6.3,96,73,100,80,17.0,58,LandmarkService,http://www.terraservice.net/LandmarkService.asmx?WSDL,1,Platinum
83.42,66,1.6,66,73,67,84,3.67,87,PublicCalendar,http://webservices.serviceu.com/v1/publiccalendar.asmx?WSDL,3,Silver
105.5,56,9.4,56,83,89,91,33.25,2,RrnascanService,http://www.vbi.vt.edu/~pathport/services/wsdls/rrnascan.wsdl,3,Silver
191.0,84,5.4,84,53,89,66,97.0,2,cotsService,http://www.sussexcountyde.gov/webservice/cots.cfc?wsdl,4,Bronze
115.4,96,18.7,99,80,78,87,1.4,93,FullerData_x0020_High_x0020_Score_x0020_Service,http://www.fullerdata.com/ScoreWS/HighScore.asmx?wsdl,1,Platinum
187.0,65,10.1,66,67,89,66,71.5,9,Primary,http://webservice.on-linecard.com/Merchant/Primary.asmx?wsdl,4,Bronze
53.0,97,11.6,99,73,78,84,2.0,38,QuoteofTheDay,http://www.swanandmokashi.com/HomePage/WebServices/QuoteOfTheDay.asmx?WSDL,1,Platinum
292.0,100,9.3,100,73,100,80,111.0,7,MetarService,http://www.pathfinder-xml.com/development/WSDL/MetarService.wsdl,2,Gold
1817.0,71,2.7,71,73,78,75,68.5,92,wsDomainDoctor,http://webservices.domaindoctor.be/wsDomainDoctor.asmx?WSDL,3,Silver
157.2,90,17.3,97,73,78,62,48.8,90,GBSCTHolidayService,http://www.holidaywebservice.com/Holidays/GBSCT/GBSCTHolidayService.asmx?wsdl,1,Platinum
257.67,88,8.9,88,67,78,72,16.67,9,RNAhybridImplementationService,http://bibiwsserv.techfak.uni-bielefeld.de/RNAhybrid/axis/RNAhybridPort?wsdl,3,Silver
93.5,86,9.0,86,73,78,84,3.0,36,DotnetDailyFact,http://www.xmlme.com/WSDailyNet.asmx?wsdl,2,Gold
282.0,85,3.7,86,53,89,66,69.7,2,AnalysisWSAppLabImplService,http://www.ebi.ac.uk/soaplab/emboss4/services/nucleic_translation.backtranambig?wsdl,4,Bronze
275.8,100,1.9,100,67,100,82,45.8,10,est2genomeService,http://www.ebi.ac.uk/soaplab/emboss4/services/alignment_global.est2genome.derived?wsdl,2,Gold
374.25,56,5.4,57,60,78,79,45.75,8,IAddressservice,http://webservices.hanft.de/wsdl/IAddress,4,Bronze
190.0,83,33.2,84,80,89,83,1.0,7,walker_service,http://www.walkermowers.com/ws/services.wsdl,1,Platinum
216.0,93,7.5,98,73,100,80,1.5,9,SeqReferenceInfoEJB,http://www.migenas.mpg.de/webservices/migenasWS/ProteinInfo?wsdl,2,Gold
311.8,93,12.1,98,58,100,75,7.8,42,octanolService,http://genome.dkfz-heidelberg.de/menu/hobit/embapps/wsdl/octanol.wsdl,2,Gold
139.0,83,20.9,84,67,89,72,3.0,10,tipsService,http://www.flash-mx.com/mm/tips/tips.cfc?WSDL,3,Silver
151.22,93,13.6,93,73,78,62,1.44,11,Products,http://api.transvector2.it/products.asmx?Wsdl,3,Silver
606.5,56,3.3,57,67,78,82,311.5,93,JurisdictionLookupService,http://services.taxwatch.biz/rates/kansas/sstp.wsdl,3,Silver
579.58,98,1.2,98,60,100,72,106.15,2,eBayAPIInterfaceService,http://developer.ebay.com/webservices/401/eBaySvc.wsdl,3,Silver
78.82,88,17.1,96,73,78,62,33.09,4,SkyNodeWS,http://skyservice.pha.jhu.edu/SkyNode/TwoQZ/SkyNodeWS.asmx?wsdl,3,Silver
716.0,54,3.9,54,67,78,82,62.12,6,KEGG,http://soap.genome.ad.jp/KEGG.wsdl,4,Bronze
853.6,88,6.1,96,60,78,74,55.2,12,ConfigEditingService,http://www.25hoursaday.com/weblog/ConfigEditingService.asmx?wsdl,4,Bronze
180.0,83,13.5,84,73,78,84,7.0,9,eFetchService,http://www.ncbi.nlm.nih.gov/entrez/eutils/soap/v1.0/efetch.wsdl,3,Silver
143.65,19,4.1,19,60,78,79,9.69,6,AmazonSearchService,http://pesona.mmu.edu.my/~sbho/tic2211/08webSv/AmazonWebServices.wsdl,4,Bronze
89.6,88,18.7,96,67,78,58,32.0,4,HTTService,http://www.jacksonbrowne.com/Communities/HTT/WebService/HTTService.asmx?wsdl,4,Bronze
248.32,89,7.3,90,67,100,77,50.11,5,AWSECommerceService,http://webservices.amazon.com/AWSECommerceService/2005-03-23/FR/AWSECommerceService.wsdl,3,Silver
2282.75,78,2.4,79,73,78,80,2.75,11,LostvibeWebService,http://www.lostvibe.com/LostvibeWebService.asmx?wsdl,4,Bronze
192.0,83,24.0,84,83,89,91,8.0,67,LittServiceService,http://www.statsbiblioteket.dk/netbibservices/services/LittService?wsdl,1,Platinum
496.43,48,0.8,48,67,89,72,338.86,90,PoiManager,http://arcweb.esri.com/services/v2/PoiManager.wsdl,4,Bronze
793.17,48,1.7,48,67,89,72,2.34,5,DirSrvService,http://freemosp.51ditu.com/wsdl/DirSrv.wsdl,4,Bronze
127.0,88,2.1,89,73,100,80,7.33,66,AccountInfo,http://www.arcwebservices.com/services/v2006/AccountInfo.wsdl,1,Platinum
269.0,95,0.9,98,67,100,82,48.0,5,megamergerService,http://www.ebi.ac.uk/soaplab/emboss4/services/alignment_consensus.megamerger.derived?wsdl,3,Silver
199.25,92,8.2,97,80,100,87,20.0,90,ProfileSettingsService,http://developer.statsbiblioteket.dk/netbibservice_ng/services/ProfileSettings?wsdl,1,Platinum
125.0,91,32.3,97,58,89,80,6.0,9,Compound2,http://mssoapinterop.org/stk/wsdl/compound2.wsdl,2,Gold
183.0,93,11.4,98,73,89,62,58.0,95,RateCalculatorService,http://www.27seconds.com/USPostalService/RateCalculator/RateCalculatorService.asmx?wsdl,1,Platinum
542.87,26,4.4,26,53,100,66,32.94,32,ReviewRequestManager,http://isb.oio.dk/oioservice/service/public/3/restricted/reviewrequestmanager.asmx?WSDL,4,Bronze
273.85,87,1.8,95,60,78,72,0.93,66,sfconnector,http://www.sforce.com/us/docs/sforce20.wsdl,3,Silver
314.0,83,14.3,84,73,89,75,28.0,7,Departements,http://tic01.tic.ec-lyon.fr/~muller/cours/websrv/be/Departements.wsdl,3,Silver
358.0,95,27.0,98,50,89,66,119.0,6,AddressBookService,http://oscar.snapps.com/projects/lotusphere/Webservices.nsf/AddressBook?wsdl,3,Silver
144.0,89,1.9,96,80,67,83,38.33,8,PopulationWS,http://www.abundanttech.com/webservices/population/population.wsdl,3,Silver
402.0,92,10.7,97,58,100,75,10.0,34,prettyplotService,http://genome.dkfz-heidelberg.de/menu/hobit/embapps/wsdl/prettyplot.wsdl,2,Gold
3567.0,93,5.6,98,80,100,87,39.0,8,TWebService1,http://www.daten-management.com.br/WebServiceCGC.asmx?WSDL,3,Silver
130.08,95,13.1,99,67,78,82,21.16,91,USHolidayDates,http://www.holidaywebservice.com/Holidays/US/Dates/USHolidayDates.asmx?WSDL,1,Platinum
227.0,83,23.9,84,50,89,66,111.0,6,AddressBookService,http://oscar.snapps.com/projects/lotusphere/WebServices.nsf/AddressBook65.WSDL,4,Bronze
196.0,69,9.7,70,73,78,80,44.75,94,Palio_x0020_di_x0020_Siena,http://www.ilpalio.siena.it/Palio.asmx?wsdl,2,Gold
158.8,98,20.1,100,67,100,82,1.2,95,DataEnhancement,http://ws.strikeiron.com/DataEnhancement?WSDL,1,Platinum
413.62,99,8.9,100,80,89,83,2.0,7,hts,http://www.translated.net/hts/soap.php?wsdl,2,Gold
626.75,66,4.3,67,73,78,84,482.75,4,WSDLInteropTestRpcEncService,http://www.soapclient.com/interop/rpcEnc.wsdl,4,Bronze
149.67,86,11.2,95,73,100,84,82.0,3,LookingForStrategyServices,http://www.superderivatives.com/FX/LookingForStrategy/LookingForStrategyServices.asmx?wsdl,2,Gold
231.39,86,10.4,95,73,100,80,1.33,90,SearchEngineWSService,http://webservice.statsbiblioteket.dk/ws-netmusik-search/services/netmusik_wssearch?wsdl,1,Platinum
229.6,88,11.9,96,73,100,84,10.0,37,showseqService,http://genome.dkfz-heidelberg.de/menu/hobit/embapps/wsdl/showseq.wsdl,1,Platinum
425.0,56,6.1,56,58,78,80,10.0,10,WhiteMesaSoap12AddTestSvc,http://www.whitemesa.net/wsdl/soap12-add-test-int.wsdl,4,Bronze
1041.0,83,12.8,84,73,89,75,5.0,11,Presidential Election Results 2004,http://dietrich.ganx4.com/president/server.php?wsdl,3,Silver
123.67,87,8.9,95,73,78,84,8.67,2,GoogleSearchService,http://homepages.feis.herts.ac.uk/~bf8au/3COM0109/Assessment3/3_1/GoogleSearch.wsdl,3,Silver
231.8,94,15.3,98,73,100,84,5.8,32,showorfService,http://genome.dkfz-heidelberg.de/menu/hobit/embapps/wsdl/showorf.wsdl,1,Platinum
474.91,91,5.8,97,60,78,74,162.87,86,XigniteRealTime,http://www.xignite.com/xrealtime.asmx?WSDL,2,Gold
3356.5,91,1.5,97,60,78,79,19.07,91,Service,http://ejse.com/WeatherService/Service.asmx?wsdl,3,Silver
74.0,32,2.3,33,80,78,78,2.42,62,JSRMService,http://lqcd.jlab.org/wsdl/jsrm-glue.wsdl,4,Bronze
190.33,75,7.6,76,67,78,72,18.0,11,Gameshop,http://www.gameshop.nl/Webservice.php?wsdl,4,Bronze
246.0,86,8.0,86,73,78,80,74.5,91,Postcode_x0020_Finder,http://www.tarrantit.com/tarrantit/Pcode.asmx?wsdl,1,Platinum
266.92,72,1.4,72,80,100,83,2.34,2,processParticipant,http://covarm.tvu.ac.uk/processParticipant/wsdl/processParticipantSOAP.wsdl,3,Silver
388.25,57,1.1,59,67,89,72,237.25,85,PlaceFinderSample,http://arcweb.esri.com/services/v2/PlaceFinderSample.wsdl,3,Silver
185.0,71,13.6,72,67,89,72,5.5,3,SplitsTreeImplementationService,http://bibiserv.techfak.uni-bielefeld.de/wsdl/SplitsTree.wsdl,4,Bronze
341.4,86,1.9,95,58,78,75,27.6,3,siggenService,http://www.ebi.ac.uk/soaplab/emboss4/services/protein_3d_structure.siggen.derived?wsdl,4,Bronze
119.67,94,11.8,98,73,78,80,2.0,6,WSDLInteropTestDocLit,http://www.mssoapinterop.org/asmx/WSDL/InteropTestDocLit.wsdl,3,Silver
1376.0,99,8.2,95,83,89,91,856.0,63,ASPNLogin,http://aspn.activestate.com/ASPN/ASPN.wsdl,1,Platinum
492.13,88,6.8,96,60,78,74,1.33,95,XigniteVWAP,http://www.xignite.com/xvwap.asmx?WSDL,2,Gold
136.71,90,3.8,97,60,78,74,5.23,93,XigniteRegistration,http://www.xignite.com/xRegistration.asmx?wsdl,2,Gold
115.0,98,17.9,100,73,100,83,2.0,9,Batch_Transfer,http://genolator1.arl.arizona.edu/august/ws/batch.wsdl,1,Platinum
278.75,86,9.2,95,83,89,91,1.75,1,CalcService,http://www.opensoap.jp/package/samples/Calc/CalcService.wsdl,2,Gold
234.0,97,2.6,99,73,100,84,4.2,39,entretService,http://genome.dkfz-heidelberg.de/menu/hobit/embapps/wsdl/entret.wsdl,1,Platinum
429.38,20,1.0,21,42,78,72,141.0,3,PayPalAPIInterfaceService,http://www.paypal.com/wsdl/PayPalSvc.wsdl,4,Bronze
323.0,83,23.9,84,83,89,91,9.0,67,finnwordsService,http://www.nickhodge.com/nhodge/finnwords/finnwords.wsdl,1,Platinum
157.0,93,4.7,98,60,100,74,45.5,23,zipinfo,http://ws.strikeiron.com/zipinfo?WSDL,3,Silver
179.29,44,1.9,45,67,89,72,5.58,7,NewsServiceClient,http://www.latte.be/NewsServiceClient.wsdl,4,Bronze
71.16,99,21.9,100,78,89,89,16.44,11,GuspmService,http://staff.vbi.vt.edu/pathport/services/wsdls/guspm.wsdl,1,Platinum
328.0,89,7.1,96,67,78,77,32.5,12,MarketSeg,http://webservices.seek.com.au/MarketSegment.asmx?wsdl,3,Silver
262.37,34,5.9,35,67,89,72,35.48,9,JExamInfoServiceService,http://jexam.inf.tu-dresden.de/axis/services/JExamInfoService?wsdl,4,Bronze
461.0,98,6.7,100,60,100,74,14.57,86,EconometricStats,http://ws.strikeiron.com/econometricstats?WSDL,1,Platinum
351.0,83,17.0,84,83,89,91,13.0,63,Directory,http://www.taet.com.au/Web+Service+Agent.nsf/DirectoryWSDL,1,Platinum
133.17,94,13.9,95,73,100,80,6.59,62,Utility,http://www.arcwebservices.com/services/v2006/Utility.wsdl,1,Platinum
142.17,46,5.8,47,73,89,84,5.5,60,Celsius42,http://www.ebob42.com/cgi-bin/Celsius42.asmx?wsdl,3,Silver
168.0,83,21.6,84,78,89,89,5.0,9,IDutchservice,http://www.ebob42.com/cgi-bin/NumberToWordsInDutch.exe/wsdl/IDutch,2,Gold
223.33,97,2.2,99,73,89,87,67.0,4,generate_login_token,http://www.bktaxtranscripts.com/webservices/create-account.wsdl,2,Gold
112.0,83,27.3,84,73,100,84,5.0,5,AreaService,http://www.eclipse.org/webtools/jst/components/ws/scenarios/ant/AreaService.wsdl,1,Platinum
179.5,98,8.0,100,80,100,87,0.5,12,iMobilWS,http://services.groupes.be/iMobilWebService/iMobilWS.asmx?WSDL,1,Platinum
196.0,83,32.8,84,83,89,91,3.0,57,GetOwamp,http://www-iepm.slac.stanford.edu/tools/soap/wsdl/old/get_owamp.wsdl,1,Platinum
259.8,88,13.4,96,67,100,82,45.2,5,msbarService,http://www.ebi.ac.uk/soaplab/emboss4/services/nucleic_mutation.msbar.derived?wsdl,2,Gold
212.5,100,1.5,100,73,78,80,1.0,90,K4TAirSellWS,http://ws.keyfortravel.com/webservices/K4TAirSell.asmx?wsdl,1,Platinum
189.5,94,3.8,98,73,89,62,1.5,5,Servicio_saneamiento,http://eriste.aragob.es/webServiceSaneamiento/Saneamiento.asmx?WSDL,3,Silver
64.75,57,1.4,59,67,100,77,2.25,32,FaxMessagingService,http://www.mail-archive.com/wsif-dev@ws.apache.org/msg00496/FaxMessagingService.wsdl,4,Bronze
278.87,86,4.9,86,53,89,66,84.0,4,AnalysisWSAppLabImplService,http://www.ebi.ac.uk/soaplab/emboss4/services/enzyme_kinetics.findkm?wsdl,4,Bronze
241.5,78,7.7,79,67,89,72,71.5,10,AMIWebServiceService,http://www.usatlas.bnl.gov/~dladams/dial/releases/1.10/dial/dial_ws_ami/gsoap/dial_ws_ami.wsdl,4,Bronze
194.0,56,10.5,56,78,89,89,72.0,5,WMLP,http://www.witsml.org/api/131/WMLP.WSDL,3,Silver
3484.0,87,5.8,96,73,100,84,4.0,41,OddFactWebService,http://www.greatexpertise.com/OddFact/OddFact.asmx?wsdl,3,Silver
122.0,86,14.5,86,67,78,82,3.0,4,interopLabEchoHeader,http://mssoapinterop.org/asmx/header.asmx?wsdl,3,Silver
294.6,94,13.0,98,73,100,84,8.4,32,restrictService,http://genome.dkfz-heidelberg.de/menu/hobit/embapps/wsdl/restrict.wsdl,1,Platinum
269.09,85,3.9,85,53,89,66,84.92,2,AnalysisWSAppLabImplService,http://www.ebi.ac.uk/soaplab/emboss4/services/protein_motifs.sigcleave?wsdl,4,Bronze
506.85,21,6.3,21,60,78,74,6.2,59,OnlineMessenger,http://www.myoms.net/soap/oms.wsdl,4,Bronze
280.39,86,6.4,86,53,89,66,88.78,8,AnalysisWSAppLabImplService,http://www.ebi.ac.uk/soaplab/emboss4/services/protein_3d_structure.seqwords?wsdl,4,Bronze
237.5,72,12.7,72,78,89,89,4.0,96,Wsession,http://synergiciel.cecam.net/Cecam.SynergicielV2.Ws/Wsession.asmx?WSDL,1,Platinum
130.14,88,20.5,96,80,78,83,19.28,1,ShoppingCartTest,http://enterconnect.enterpulse.com/WorksiteIntegrationPortal/WebServices/ShoppingCartTestContract.wsdl,2,Gold
117.0,91,1.8,97,73,78,84,43.0,4,FraudLabsWebService,http://ws.fraudlabs.com/fraudlabswebservice.asmx?wsdl#FraudLabsWebServiceSoap,3,Silver
84.86,87,1.9,95,73,100,80,19.86,41,WolframSearchService,http://webservices.wolfram.com/services/SearchServices/WolframSearch2.wsdl,2,Gold
437.8,90,7.3,97,60,89,69,256.07,4,Sisu,http://62.61.91.207/webservices/Sisu?WSDL,4,Bronze
241.2,100,1.1,100,73,100,84,6.6,33,pepstatsService,http://genome.dkfz-heidelberg.de/menu/hobit/embapps/wsdl/pepstats.wsdl,1,Platinum
134.0,97,29.9,99,73,78,84,10.0,6,WSDLInteropTestListService,http://mssoapinterop.org/stkv3/wsdl/interopTestList.wsdl,1,Platinum
162.14,93,13.1,98,73,78,80,23.28,94,Context,http://pc-tambura.ipsi.fhg.de/AuthoringTools/WSTaxonomyLight/Context.asmx?wsdl,1,Platinum
837.0,72,6.8,72,67,89,72,135.5,1,ndfdXML,http://oscar.snapps.com/portal.nsf/WeatherService?WSDL,4,Bronze
518.8,97,9.7,99,58,100,75,8.8,40,lindnaService,http://genome.dkfz-heidelberg.de/menu/hobit/embapps/wsdl/lindna.wsdl,2,Gold
4103.32,83,0.8,83,67,89,72,10.12,11,RPCSimapWSService,http://mips.gsf.de/proj/hobitws/services/RPCSimapService?wsdl,4,Bronze
279.74,85,4.0,85,53,89,66,67.44,7,AnalysisWSAppLabImplService,http://www.ebi.ac.uk/soaplab/emboss4/services/protein_motifs.pscan?wsdl,4,Bronze
38.0,71,21.1,72,73,78,84,2.0,2,XarayaSoap,http://rural.edu.ro/ws.php?wsdl,3,Silver
49.0,72,21.6,72,78,89,89,2.5,3,rbac_serverService,http://www.mexbrit.com/services/rbacService.php?wsdl,2,Gold
115.0,83,22.3,84,83,89,91,4.0,5,EmptySA,http://www.mssoapinterop.org/asmx/WSDL/emptysa.wsdl,1,Platinum
216.5,89,5.2,90,60,89,69,77.0,3,zipCodeClass,http://www.worldwildweb.biz/webservices/zipCodeWebService.cfc?wsdl,4,Bronze
538.0,97,15.8,99,58,89,75,9.0,6,AdminService,http://www.sdjs.gov.cn/services/AdminService?wsdl,3,Silver
322.65,95,7.6,99,60,78,74,0.75,93,XigniteSecurity,http://www.xignite.com/xsecurity.asmx?WSDL,2,Gold
486.5,99,5.5,100,80,89,65,60.0,62,PO,http://phaam.panasonic.com.my/barcode/po.asmx?wsdl,2,Gold
382.6,87,3.5,95,73,100,84,4.8,41,redataService,http://genome.dkfz-heidelberg.de/menu/hobit/embapps/wsdl/redata.wsdl,2,Gold
846.0,87,6.8,96,73,78,84,20.2,94,ICD9,http://www.webservicex.com/icd9.asmx?WSDL,1,Platinum
152.0,96,4.9,99,60,100,79,51.0,73,EmailVerification,http://ws.strikeiron.com/emailverify_3_0?WSDL,1,Platinum
563.22,86,2.6,95,73,89,62,1.66,8,Servicio_etiquetado,http://eriste.aragob.es/webServiceEtiquetas/etiquetas.asmx?WSDL,4,Bronze
291.5,89,7.6,89,60,100,74,137.5,4,GlobalAddressInteractiveVerification,http://ws.strikeiron.com/GlobalAddressLocator?WSDL,3,Silver
148.0,94,17.1,98,73,100,80,2.5,1,SentencesService,http://wortschatz.uni-leipzig.de/axis/services/Sentences?wsdl,2,Gold
324.0,88,0.9,96,73,100,84,7.0,35,tfscanService,http://genome.dkfz-heidelberg.de/menu/hobit/embapps/wsdl/tfscan.wsdl,2,Gold
317.0,95,23.8,98,73,100,80,22.0,7,DownloadService,http://www.samsung.com/au/support/WcmsService/DownloadService.asmx?WSDL,1,Platinum
154.0,71,14.4,72,73,89,80,5.5,5,retsinfoService,http://rep.oio.dk/retsinfo.dk/xml/wsdl/2003/12/15/RETSINFO_Api_Resolved.wsdl,3,Silver
188.31,100,11.8,100,67,100,77,6.23,6,AtcoResDirect,http://resdev.atcosoftware.net/ian/ws/directbook.asmx?WSDL,2,Gold
137.81,63,2.5,64,73,89,84,11.12,92,ServerTime,http://www.vbnetexpert.com/vsm/timeservice/servertime.asmx?wsdl,2,Gold
529.33,66,1.1,66,73,100,80,73.66,56,PlaceFinderSample,http://www.arcwebservices.com/services/v2006/PlaceFinderSample.wsdl,3,Silver
220.6,93,2.4,98,73,100,84,6.0,35,seqmatchallService,http://genome.dkfz-heidelberg.de/menu/hobit/embapps/wsdl/seqmatchall.wsdl,2,Gold
126.0,97,31.5,99,58,100,75,14.0,62,BlogAPI,http://www.openlinksw.com/BlogAPI/services.wsdl,1,Platinum
128.75,70,6.6,70,73,89,84,5.37,7,MathService,http://ja.gotdotnet.com/quickstart/aspplus/samples/services/MathService/VB/MathService.asmx?WSDL,3,Silver
121.0,91,7.9,97,73,78,84,10.0,12,GoogleSearchService,http://debian.fmi.uni-sofia.bg/~hiena/googleapi/GoogleSearch.wsdl,2,Gold
287.67,63,6.9,63,73,89,75,11.34,37,SkyBoT,http://www.bdl.fr/webservices/skybot/skybot.php?wsdl,3,Silver
84.71,18,4.8,19,72,89,86,2.92,65,InTouchService,http://soapintouch.acdnet.com/intouchservice.asmx?wsdl,4,Bronze
256.2,98,1.4,100,73,100,84,39.6,10,fdrawtreeService,http://www.ebi.ac.uk/soaplab/emboss4/services/phylogeny_tree_drawing.fdrawtree.derived?wsdl,2,Gold
859.0,92,16.2,97,73,100,84,2.0,3,WebSearchWS,http://www.esynaps.com/WebServices/SearchWS.asmx?WSDL,2,Gold
244.25,70,9.3,70,73,67,84,30.13,8,w_company,http://www.invoice4u.co.il/Public/w_company.asmx?wsdl,4,Bronze
41.0,97,43.1,99,73,100,84,1.0,5,Service1,http://blackhole.cis.temple.edu/WSstafford/wstest1/Service1.asmx?wsdl,1,Platinum
261.0,36,0.9,37,60,89,69,13.67,12,BINDService,http://soap.bind.ca/bind.wsdl,4,Bronze
176.0,90,13.8,97,67,78,77,2.0,8,default_test,http://212.177.98.35/swapping/default.test.asmx?WSDL,3,Silver
189.0,83,26.5,84,83,89,91,6.0,10,SerClsPeticionSOAPTPVPCservice,http://sas-d.sermepa.es/TPV_PC/wsdl/SerClsEntradaTPVPCv5d0.wsdl,1,Platinum
396.4,88,1.6,96,73,100,84,34.2,9,emastService,http://www.ebi.ac.uk/soaplab/emboss4/services/protein_motifs.emast.derived?wsdl,2,Gold
98.0,87,13.7,95,67,78,77,1.0,39,CPP_SCORE_REQUEST,http://soap.cpp.com/CppSoapRequests/CPPScoreRequest.asmx?wsdl,2,Gold
278.08,59,6.1,59,60,78,62,3.0,27,Lodge,http://www.messagenet.com.au/dotnet/Lodge.asmx?wsdl,4,Bronze
113.75,8,9.2,9,67,78,72,3.85,6,sugarsoap,http://demo.sugarondemand.com/sugarcrm/soap.php?wsdl,4,Bronze
91.0,83,25.8,84,78,89,89,3.0,64,FaxStatus,http://www.oneoutbox.com/wsdl/FaxStatus.wsdl,1,Platinum
152.45,96,13.2,99,67,78,77,6.09,8,Main,http://api.transvector2.it/swapping/default.asmx?wsdl,3,Silver
249.5,91,7.9,97,60,100,79,84.0,65,EmailAddressValidator,http://ws.strikeiron.com/Dimple/EmailAddressValidator?WSDL,1,Platinum
365.5,61,2.1,62,73,67,84,101.6,94,TheHolyBible,http://francisshanahan.com/TheHolyBible.asmx?WSDL,3,Silver
247.05,89,6.6,89,67,100,77,55.1,11,AWSECommerceService,http://webservices.amazon.com/AWSECommerceService/DE/AWSECommerceService.wsdl,3,Silver
260.6,94,1.8,98,67,100,82,45.8,12,degapseqService,http://www.ebi.ac.uk/soaplab/emboss4/services/edit.degapseq.derived?wsdl,2,Gold
152.1,67,3.8,68,73,89,84,3.3,32,Date,http://www.hojgard.dk/WebService/Date.asmx?WSDL,3,Silver
213.2,88,1.6,96,73,100,84,7.8,36,antigenicService,http://genome.dkfz-heidelberg.de/menu/hobit/embapps/wsdl/antigenic.wsdl,2,Gold
255.25,67,1.4,67,73,89,80,34.5,93,SendServiceNoHeader,http://www.esendex.com/secure/messenger/soap/SendServiceNoHeader.asmx?wsdl,2,Gold
186.25,87,4.1,96,73,100,80,14.75,57,LandmarkService,http://www.terraserver.microsoft.com/LandmarkService.asmx?WSDL,1,Platinum
358.0,83,16.8,84,83,89,93,5.0,8,BankValSOAP,http://www.unifiedsoftware.co.uk/BankVal.wsdl,2,Gold
546.4,91,1.1,91,73,100,84,25.6,34,wossnameService,http://genome.dkfz-heidelberg.de/menu/hobit/embapps/wsdl/wossname.wsdl,2,Gold
1939.0,99,6.9,100,73,78,84,1.0,42,StockQuote,http://www.webservicex.net/stockquote.asmx?WSDL,2,Gold
131.67,88,6.9,96,73,78,84,9.0,8,GoogleSearchService,http://wsdl4reg.sourceforge.net/wsdls/GoogleSearch.wsdl,3,Silver
198.0,96,22.4,99,73,100,84,2.0,94,SendEmailService,http://www.abysal.com/soap/AbysalEmail.wsdl,1,Platinum
153.5,93,12.7,98,73,100,80,4.0,12,ThesaurusService,http://wortschatz.uni-leipzig.de/axis/services/Thesaurus?wsdl,2,Gold
498.67,90,6.3,96,73,78,84,9.34,10,GoogleSearchService,http://etna.int-evry.fr/cours/BD/MSCurriculum/FRENCH/TPServicesWeb/TP_Google/GoogleSearch.wsdl,3,Silver
173.0,100,18.3,100,73,100,80,27.0,8,WSCitationImplService,http://www.ebi.ac.uk/webservices/citexplore/v1.0/service?wsdl,1,Platinum
140.0,96,2.0,99,60,100,74,42.67,8,FrenchAddressVerification,http://ws.strikeiron.com/FrenchAddressVerification?WSDL#FrenchAddressVerificationSoap,3,Silver
3610.2,96,1.4,99,67,100,77,6.4,97,USDAData,http://ws.strikeiron.com/USDAData?WSDL,2,Gold
104.0,87,18.5,95,73,78,80,1.0,97,DOTSTimeZoneAppend,http://ws2.serviceobjects.net/tza/timezoneappend.asmx?WSDL,1,Platinum
270.5,95,19.1,98,78,89,89,4.5,2,SOAPFaultService,http://www.whitemesa.net/wsdl/r4/soapfault.wsdl,1,Platinum
960.29,32,3.1,33,60,78,79,865.29,2,interopLabEchoHeader,http://www.soapclient.com/interop/InteropC.wsdl,4,Bronze
389.0,84,1.0,84,67,89,82,289.0,10,PhoneService,http://teleauth.com/phone/service.wsdl,3,Silver
50.75,56,8.6,56,80,89,83,6.0,33,mdWebServices,http://ws.melissadata.com/dqws/address.asmx?WSDL,3,Silver
120.0,97,11.9,99,73,78,84,57.0,41,MSIT_MedStudentResidentValidation,http://66.153.51.16/MSIT/PDR.Net/MSIT_PDR_SERVICES/MSIT_MedStudentResidentValidation.asmx?wsdl,1,Platinum
223.6,92,14.6,97,73,100,84,8.8,33,fuzztranService,http://genome.dkfz-heidelberg.de/menu/hobit/embapps/wsdl/fuzztran.wsdl,1,Platinum
77.9,91,17.1,97,73,78,62,20.57,36,protseq,http://bioinformatics.anl.gov/ws/protseq.asmx?wsdl,3,Silver
572.0,83,14.8,84,83,89,91,6.0,40,BlastDemo,http://xml.nig.ac.jp/wsdl/BlastDemo.wsdl,1,Platinum
1099.0,95,10.6,99,73,78,84,28.0,90,StockServices,http://www.html2xml.nl/Services/Stocks/Version1/StockServices.asmx?wsdl,1,Platinum
204.0,86,7.1,86,73,67,88,3.0,1,DataSetService,http://msconline.maconstate.edu/tutorials/ASPNET2/ASPNET13/DataSetService.asmx?wsdl,3,Silver
170.25,56,4.2,57,60,100,79,8.5,36,SubscriptionManager,http://isb.oio.dk/oioservice/service/public/2/subscriptionmanager.asmx?wsdl,4,Bronze
123.0,99,9.8,100,73,100,84,2.33,86,AffiliateService,http://webservice.allposters.com/ProductInformationService.asmx?wsdl,1,Platinum
167.0,72,15.4,72,78,89,89,7.0,9,IRomanservice,http://www.ebob42.com/cgi-bin/Romulan.exe/wsdl/IRoman,2,Gold
1387.5,78,3.5,79,73,78,84,31.0,4,WSTCoffeeService,http://www.embl-ebi.ac.uk/Tools/webservices/wsdl/WSTCoffee.wsdl,4,Bronze
205.4,100,0.7,100,73,100,84,5.2,41,skipseqService,http://genome.dkfz-heidelberg.de/menu/hobit/embapps/wsdl/skipseq.wsdl,1,Platinum
98.0,94,0.7,98,73,78,80,3.0,96,DOTSGeoCensus,http://ws2.serviceobjects.net/gce/geocensus.asmx?WSDL,1,Platinum
599.0,92,3.6,97,67,89,72,9.67,10,HostService,http://www.usfnet.com/WebServices/HostService?WSDL,3,Silver
266.8,92,2.0,97,58,100,75,8.0,42,plotorfService,http://genome.dkfz-heidelberg.de/menu/hobit/embapps/wsdl/plotorf.wsdl,2,Gold
1316.75,88,3.8,96,80,100,87,308.0,7,Service1,http://ao.sa.dk/LAView/ImageServer/Service1.asmx?WSDL,2,Gold
154.0,95,14.9,98,73,100,80,4.0,2,SimilarityService,http://wortschatz.uni-leipzig.de/axis/services/Similarity?wsdl,2,Gold
636.25,56,4.8,56,67,78,72,2.0,10,RouteCalSrv2Service,http://freemosp.51ditu.com/wsdl/RouteCalSrv2.wsdl,4,Bronze
161.0,72,14.0,72,83,89,91,5.0,11,HomeworkService,http://www.pri.univie.ac.at/~mangler/CEWebS/Homework/homework.wsdl,2,Gold
412.25,89,6.1,89,73,89,62,195.75,97,Game,http://www.tv-grossbottwar.de/WebServices/Game.asmx?WSDL,2,Gold
235.2,94,1.2,98,58,100,75,8.0,41,iepService,http://genome.dkfz-heidelberg.de/menu/hobit/embapps/wsdl/iep.wsdl,2,Gold
57.0,85,5.0,95,73,100,80,1.0,96,InvitationService,http://web.services.leveragesoftware.com/v4.6/invitation/invitationservice.asmx?WSDL,1,Platinum
275.87,85,3.8,86,53,89,66,94.61,8,AnalysisWSAppLabImplService,http://www.ebi.ac.uk/soaplab/services/nucleic_cpg_islands.cpgreport?wsdl,4,Bronze
275.5,71,7.2,72,78,89,89,124.5,2,LottoDrawings,http://www.lottoexchange.net/LottoDrawings.php?wsdl,3,Silver
213.0,88,2.7,96,60,100,74,44.0,30,BasicRealTimeQuotes,http://ws.strikeiron.com/BasicRealTimeQuotes?WSDL,3,Silver
109.0,96,15.1,99,60,89,79,1.0,2,InteropTestHeaders,http://mssoapinterop.org/asmx/WSDL/InteropTestheaders.wsdl,3,Silver
220.2,87,1.0,95,73,100,84,7.2,40,pepcoilService,http://genome.dkfz-heidelberg.de/menu/hobit/embapps/wsdl/pepcoil.wsdl,2,Gold
204.6,96,1.9,99,58,100,75,7.8,33,findkmService,http://genome.dkfz-heidelberg.de/menu/hobit/embapps/wsdl/findkm.wsdl,2,Gold
161.54,90,9.6,96,67,89,58,29.54,89,ConnectiqueService,http://62.23.140.25/plg/services/ConnectiqueService.asmx?WSDL,2,Gold
97.04,94,11.9,98,67,78,77,39.12,58,TNPubServicesXML,http://www.ticketnetworkdirect.com/webservices/TNPubServicesXML.asmx?wsdl,2,Gold
74.5,92,8.4,97,73,78,80,23.5,88,DensityMap,http://skyservice.pha.jhu.edu/devel/DensityMap/DensityMap.asmx?wsdl,1,Platinum
71.54,18,4.3,18,60,78,79,8.54,9,AmazonSearchService,http://soap-eu.amazon.com/schemas3/AmazonWebServices.wsdl,4,Bronze
508.94,96,6.7,99,67,100,77,14.63,66,TerraService,http://www.terraserver-usa.com/TerraService2.asmx?WSDL,1,Platinum
172.0,89,29.5,96,89,78,93,2.0,8,VasService,http://vastool-be.m-otion.at/VasService20060313.wsdl,1,Platinum
3347.0,83,5.6,84,83,89,91,2.0,3,OTNGUIDGenerator,http://webservices.oracle.com/ws/guid/oracle.ws.OTNGUIDGenerator?WSDL,3,Silver
156.75,78,9.0,78,73,89,84,3.5,91,Conversor,http://www.elguille.info/Net/WebServices/CelsiusFahrenheit.asmx?wsdl,1,Platinum
99.0,99,31.1,100,73,100,84,2.0,2,Drors,http://www.drorshalev.com/dev/Service/default.asmx?wsdl,1,Platinum
83.0,91,19.0,97,80,100,83,1.0,41,CourseRegistration,http://www.iperformonline.com/WebServices/course/CourseRegistration.asmx?wsdl,1,Platinum
4232.0,98,4.7,98,73,100,84,14.0,6,xfrx,http://www.eqeus.net/x.net/xfrx.asmx?wsdl,4,Bronze
371.35,87,1.4,88,53,89,66,126.61,9,AnalysisWSAppLabImplService,http://www.ebi.ac.uk/soaplab/emboss4/services/nucleic_rna_folding.vrnafold?wsdl,4,Bronze
294.04,85,5.2,86,53,89,66,92.56,8,AnalysisWSAppLabImplService,http://www.ebi.ac.uk/soaplab/emboss4/services/protein_motifs.patmatdb?wsdl,4,Bronze
1336.75,47,3.0,48,67,89,72,41.5,34,Webservices.nl,http://ws1.webservices.nl/business/soap?wsdl,4,Bronze
128.6,89,1.8,96,60,100,69,34.4,34,BusinessVerification,http://ws.strikeiron.com/DnBBusinessVerification?WSDL,3,Silver
149.0,96,33.9,99,58,100,75,43.0,12,AdminService,http://screening.fadv.com/axis/services/AdminService?wsdl,1,Platinum
145.62,92,2.4,97,73,100,80,41.0,87,TipoCambio,http://www.banguat.gob.gt/variables/ws/TipoCambio.asmx?wsdl,1,Platinum
1072.75,78,3.8,78,80,89,87,42.5,10,s_news,http://www.chuguo.cn/friend/s_news.asmx?WSDL,3,Silver
57.0,98,34.6,100,73,100,84,1.0,95,GuidGenerator,http://aspalliance.com/nothingmn/guid.asmx?wsdl,1,Platinum
129.33,95,15.9,98,73,100,84,1.0,32,QuoteMachine,http://quotes2.collutions.com/_vti_bin/QuoteMachine.asmx?WSDL&,1,Platinum
143.33,88,15.7,88,73,100,80,8.66,61,RouteFinder,http://www.arcwebservices.com/services/v2006/RouteFinder.wsdl,1,Platinum
208.6,88,14.2,96,73,100,84,7.6,31,showfeatService,http://genome.dkfz-heidelberg.de/menu/hobit/embapps/wsdl/showfeat.wsdl,1,Platinum
104.5,86,23.5,86,73,89,80,2.0,5,CoolWSFromITM,http://www.itmusa.net/getdotnetnews.asmx?wsdl,2,Gold
1479.0,96,7.5,99,73,78,84,2.0,40,BEP,http://www.webservicex.net/bep.asmx?WSDL,2,Gold
174.77,56,2.6,58,67,78,82,37.92,58,erez2,http://images1.bonhams.com/erez2/erez?cmd=expand&vtl=soap/erez2.wsdl,4,Bronze
150.5,42,0.1,42,73,89,80,0.88,1,JobServices,http://www.webservices.scot.nhs.uk/JobWebServices/service.asmx?WSDL,4,Bronze
2187.5,97,0.9,99,80,78,87,23.25,36,NAICS,http://www.webservicex.net/NAICS.asmx?wsdl,3,Silver
125.0,86,9.4,86,73,78,84,3.0,7,geographyRequests,http://comcast.vehix.com/(A(rGItnpy1xgEkAAAAOGRmMTMxODItOWIwNi00ZjdkLTkwMjUtMzIyYjU2NmYzM2Iy0))/_webServices/geographyRequests.asmx?WSDL,3,Silver
1375.0,63,4.5,64,67,78,82,6.67,12,ITstSDNCHECKservice,http://tstsvr.achworks.com/testexec/tstsdncheck.tss/wsdl/ITstSDNCHECK,4,Bronze
529.0,95,3.1,99,73,78,62,15.0,11,IAAUtilities,http://www.iaa.gov.il/Rashat/PublicWS/IAAUtilities.asmx?wsdl,4,Bronze
163.0,96,16.2,99,73,78,84,12.25,86,MortgageIndex,http://www.webservicex.net/MortgageIndex.asmx?wsdl,1,Platinum
1936.33,76,2.3,76,73,78,88,1627.33,4,SessionManagementServiceBinding,http://nime-glad.nime.ac.jp/en/program/search/session.php?wsdl,4,Bronze
262.8,85,2.7,95,67,100,82,41.0,2,newcpgseekService,http://www.ebi.ac.uk/soaplab/emboss4/services/nucleic_cpg_islands.newcpgseek.derived?wsdl,3,Silver
256.0,91,14.9,97,80,89,65,69.0,39,IT_x0040_Service_x0020_Webservices,http://www.itatservice.de/itatservice/itatservice2.asmx?WSDL,2,Gold
101.0,85,16.1,95,73,89,75,16.0,64,BFOGraphService,http://big.faceless.org/products/graph/docs/bfograph-2.1.wsdl,1,Platinum
160.67,73,7.5,74,73,89,84,6.0,4,rshare,http://rshare.de/rshare.asmx?WSDL,3,Silver
2911.29,17,1.4,18,67,89,72,17.04,94,Service,http://www.rsdn.ru/ws/service.asmx?WSDL,4,Bronze
287.0,89,12.0,96,67,100,82,1.0,35,WSCUVocal,http://sepc128.se.cuhk.edu.hk/demo/cuvocal/cuvocal.asmx?wsdl,2,Gold
191.0,100,1.4,100,73,100,84,8.4,33,stssearchService,http://genome.dkfz-heidelberg.de/menu/hobit/embapps/wsdl/stssearch.wsdl,1,Platinum
184.0,93,6.3,98,73,100,84,0.5,3,Curs,http://www.infovalutar.ro/curs.asmx?WSDL,2,Gold
392.5,91,6.3,97,73,78,84,89.75,1,OHRwurmSearchService,http://ohrwurm.net/soap/search/OHRwurmSearch.wsdl,3,Silver
246.53,88,6.8,89,53,89,66,63.45,12,nucleic_cpg_islands__newcpgseekService,http://www.ebi.ac.uk/soaplab/services/nucleic_cpg_islands.newcpgseek.derived?wsdl,4,Bronze
120.0,83,19.3,84,73,89,84,14.0,58,UPCLookupService,http://www.flash-db.com/services/ws/upcLookup.wsdl,1,Platinum
2967.75,56,2.4,58,83,89,91,4.25,3,PimlService,http://pathport.vbi.vt.edu/services/wsdls/piml.wsdl,4,Bronze
181.57,99,3.5,100,67,78,84,40.0,8,AppointmentServices,http://ribbs.usps.gov/files/fast/APPOINTMENTSERVICES-1.0.0-PROD.WSDL,3,Silver
225.75,78,6.5,79,67,89,82,67.5,95,HeaderTimeService,http://dotnet.jku.at/buch/samples/7/header/HeaderService.asmx?WSDL,1,Platinum
109.5,94,8.2,98,73,100,84,14.75,87,LogServices,http://www.eqsl.cc/WebServices/LogServices.asmx?wsdl,1,Platinum
546.33,98,1.5,100,73,78,62,14.66,87,Teletekst,http://www.html2xml.nl/Services/Teletekst/Version1/Teletekst.asmx?WSDL,2,Gold
69.33,95,19.4,99,67,78,77,25.22,93,BlogService,http://www.dotnetjunkies.com/weblog/blogservice.asmx?wsdl,1,Platinum
82.0,83,24.3,84,73,78,84,5.0,6,WSIndexService,http://www.wsindex.org/wsindexLinks.wsdl,2,Gold
307.6,94,0.9,98,67,100,82,42.4,10,showalignService,http://www.ebi.ac.uk/soaplab/emboss4/services/alignment_multiple.showalign.derived?wsdl,3,Silver
250.4,88,1.7,96,67,100,82,43.4,10,cuspService,http://www.ebi.ac.uk/soaplab/emboss4/services/nucleic_codon_usage.cusp.derived?wsdl,3,Silver
152.56,94,17.7,98,73,78,80,18.0,35,Admin,http://voservices.net/filter/ws_v2_1/admin.asmx?WSDL,2,Gold
195.75,86,13.3,95,67,78,82,1.13,38,GreenchoiceNewCustomer,http://www.greenchoice.nl/webservice/shared/GreenchoiceNewCustomer.asmx?WSDL,2,Gold
790.2,91,3.1,97,78,78,89,1.8,9,ECPAMT,http://202.75.163.45:2503/ECPAWSDL/ECPAMT.WSDL,3,Silver
79.65,61,13.3,61,67,100,77,2.75,3,AWSECommerceService,http://webservices.amazon.com/AWSECommerceService/US/AWSECommerceService.wsdl,4,Bronze
129.0,89,10.7,89,73,78,84,7.75,3,WSDLInteropTestRpcEncService,http://mssoapinterop.org/stkv3/wsdl/interopTestRpcEnc.wsdl,3,Silver
203.0,72,22.1,72,83,89,91,3.0,58,Streams,http://www-iepm.slac.stanford.edu/tools/soap/wsdl/old/streams.wsdl,1,Platinum
133.0,83,14.3,84,73,78,84,18.0,65,BlogReaderService,http://www.flash-db.com/services/ws/blogReader2.wsdl,1,Platinum
473.0,91,12.4,97,73,78,84,184.0,4,Quotes,http://www.bbits.co.uk/webservices/quotes.asmx?WSDL,3,Silver
133.04,17,3.5,17,42,100,69,20.0,92,SforceService,http://www.gokul.com/private/sforce.wsdl,4,Bronze
68.88,17,4.3,18,60,78,79,5.76,5,AmazonSearchService,http://soap.amazon.ca/schemas3/AmazonWebServices.wsdl,4,Bronze
330.2,99,2.4,100,73,100,84,38.2,9,showdbService,http://www.ebi.ac.uk/soaplab/emboss4/services/display.showdb.derived?wsdl,2,Gold
68.0,86,18.3,86,73,89,80,3.0,33,COTS,http://www.co.new-castle.de.us/webservices/COTS/cots.asmx?WSDL,2,Gold
670.0,93,13.2,98,80,100,89,16.0,10,SerClsWSPasarelaPINPADService,http://sas-d.sermepa.es/TPV_PC/wsdl/SerClsWSPasarelaPINPAD_inte.wsdl,1,Platinum
60.47,78,9.2,79,67,100,77,4.47,11,AWSECommerceService,http://webservices.amazon.com/AWSECommerceService/2005-01-19/AWSECommerceService.wsdl,3,Silver
685.86,22,3.2,22,33,89,59,22.14,3,PassportService,http://passport.sme.gov.cn/passport/services/Passport?wsdl,4,Bronze
64.28,80,9.1,81,67,100,77,5.78,11,AWSECommerceService,http://webservices.amazon.com/AWSECommerceService/2004-10-04/AWSECommerceService.wsdl,3,Silver
1425.75,78,3.9,79,73,78,84,28.75,4,WSMPsrchService,http://www.ebi.ac.uk/Tools/webservices/wsdl/WSMPsrch.wsdl,4,Bronze
267.8,99,4.0,100,73,100,84,41.2,1,fconsenseService,http://www.ebi.ac.uk/soaplab/emboss4/services/phylogeny_consensus.fconsense.derived?wsdl,2,Gold
126.4,89,18.9,96,73,78,84,1.2,36,UnitConversions,http://psg.synergex.com/WebServices/UnitConversions.asmx?wsdl,1,Platinum
137.75,79,2.4,79,67,78,72,100.0,39,PhoneVerify,http://ws.cdyne.com/phoneverify/phoneverify.asmx?wsdl,4,Bronze
383.25,94,6.1,98,73,89,75,46.75,6,whatizit,http://www.ebi.ac.uk/webservices/whatizit/ws?wsdl,3,Silver
142.5,92,1.4,97,73,78,84,1.5,88,DOTSNameWizard,http://trial.serviceobjects.com/nw/namewizard.asmx?wsdl,1,Platinum
287.0,90,8.1,97,60,78,69,16.94,10,ForecastServiceImplService,http://websky.kma.go.kr/services/ForecastService?wsdl,4,Bronze
151.6,50,7.9,51,58,78,75,4.6,86,executor,http://www.grid.tsl.uu.se/software/super-exec/xml/executor.wsdl,4,Bronze
1521.57,84,2.3,84,73,78,84,57.14,2,WSClustalWService,http://www.ebi.ac.uk/Tools/webservices/wsdl/WSClustalW.wsdl,4,Bronze
1987.0,56,1.9,57,60,89,79,7.73,89,DatasetBrowser,http://stats.oecd.org/oecdstatws/datasetbrowser.asmx?wsdl,4,Bronze
765.5,99,4.4,96,80,89,83,560.5,5,WSDLInteropTestDocLitService,http://www.soapclient.com/interop/doclitParam.wsdl,3,Silver
48.15,60,5.2,60,60,89,69,2.03,31,DGV_SCADA,http://www.multispeak.org/interface/30j/23_DGV_SCADA.asmx?wsdl,4,Bronze
214.62,32,2.3,32,53,78,66,57.39,3,BarbiWebServicesImplService,http://barbi.no/axis/services/barbiRPC-0.8?wsdl,4,Bronze
49.43,42,10.6,43,73,78,62,6.0,89,cweather,http://www.mail-archive.com/axis-user@xml.apache.org/msg02797/cweather.wsdl,4,Bronze
894.5,56,3.0,57,83,89,91,715.25,85,Authentication,http://arcweb.esri.com/services/v2/Authentication.wsdl,3,Silver
122.73,94,12.5,94,73,78,62,62.55,4,SkyNodeWS,http://skyservice.pha.jhu.edu/SkyNode/DLS/SkyNodeWS.asmx?WSDL,3,Silver
1104.67,47,3.1,47,83,89,91,29.84,1,VizieRService,http://cdsws.u-strasbg.fr/axis/services/VizieR?wsdl,4,Bronze
335.5,78,3.6,79,73,78,80,81.0,8,ContainerTrackingWebService,http://www.vit.org/WebServices/ContainerTrackingWebService.asmx?WSDL,4,Bronze
509.5,86,12.6,86,73,67,88,37.0,11,CustomersList,http://samples.gotdotnet.com/quickstart/winforms/Samples/Data/WebServiceBinding/CS/SimpleCustomersWebService.asmx?WSDL,3,Silver
163.0,83,22.8,84,78,89,89,5.0,1,IDutchservice,http://www.ebob42.com/cgi-bin/NumberToWordsInDutch.exe/wsdl/IDutch#IDutchbinding,2,Gold
107.0,85,33.3,95,80,100,87,1.0,4,InteropTestExtensibilityRequired,http://mssoapinterop.org/asmx/WSDL/InteropTestExtensibilityRequired.wsdl,1,Platinum
251.38,70,1.9,71,67,89,82,0.88,61,AccountEventHandler,http://www.esendex.com/secure/messenger/soap/AccountEventHandler.asmx?wsdl,3,Silver
532.4,51,4.9,51,67,78,82,11.0,2,IBTRNSOAPservice,http://tstsvr.achworks.com/exec/btrnsoap.dll/wsdl/IBTRNSOAP,4,Bronze
298.0,88,27.4,96,73,100,80,14.0,11,DownloadService,http://www.samsung.com/mx/support/WcmsService/DownloadService.asmx?WSDL,1,Platinum
240.17,91,2.5,92,67,89,72,46.67,88,Schedule,http://webservices.aeroflot.ru/flightSearch.asmx?wsdl,2,Gold
929.0,86,5.3,86,73,78,80,68.0,9,BankFinder,http://www.hosca.com/webservices/bankfinder/bankfinder.asmx?wsdl,3,Silver
300.0,94,27.2,98,73,100,80,14.0,9,DownloadService,http://www.samsung.com/uk/support/WcmsService/DownloadService.asmx?wsdl,1,Platinum
305.0,86,21.7,95,73,100,84,1.0,4,news,http://authors.aspalliance.com/chrisg/tools/newsservice.asmx?wsdl,2,Gold
477.0,94,14.2,98,73,78,84,2.0,4,BNPriceWS,http://www.abundanttech.com/WebServices/BNPrice/BNPrice.asmx?WSDL,2,Gold
236.2,96,3.6,99,73,100,84,45.2,5,ehmmindexService,http://www.ebi.ac.uk/soaplab/emboss4/services/hmm.ehmmindex.derived?wsdl,2,Gold
2457.5,96,2.0,99,73,78,84,1.5,5,MathService,http://www.learnasp.com/quickstart/aspplus/samples/services/MathService/VB/MathService.asmx?WSDL,4,Bronze
385.5,56,2.4,57,50,78,77,70.5,10,RCAWS,http://preproduccio.portal.scs.es/rcaws/AppJava/RCAWS?WSDL,4,Bronze
63.8,99,18.1,100,73,78,84,1.8,95,DataEnhancement,http://www.strikeiron.com/WebServices/dataenhancement.asmx?WSDL,1,Platinum
115.0,83,24.6,84,73,100,84,5.0,5,AreaService,http://www-ds.e-technik.uni-dortmund.de/new/CEI/resource/grid_res/AreaService.wsdl,2,Gold
1075.2,90,3.4,90,73,100,84,142.6,1,wossnameService,http://www.ebi.ac.uk/soaplab/emboss4/services/information.wossname.derived?wsdl,3,Silver
312.67,63,8.6,63,83,89,91,40.34,12,OrbitService,http://www.toolxite.dk/wsdl/orbit_service.1.0.wsdl,3,Silver
353.17,66,2.3,66,80,89,83,42.84,2,Service,http://macrowebservices.com/clients/sdg/ws/service.asmx?WSDL&v=13,4,Bronze
83.12,90,21.9,97,73,100,80,10.87,6,OpcXmlDaSrv,http://tswinc.us/xmldademo/ts_sim/OpcDaGateway.asmx?wsdl,1,Platinum
158.8,87,5.8,96,73,78,80,30.8,6,SoapTest,http://mssoapinterop.org/stkV3/InteropBtyped.wsdl,3,Silver
527.5,72,7.2,72,73,78,84,21.0,63,EasyAmazonService,http://www.flash-db.com/services/ws/easyAmazon.wsdl,3,Silver
843.33,88,3.9,88,67,78,77,467.0,96,XigniteMaster,http://www.xignite.com/xMaster.asmx?wsdl,2,Gold
334.43,84,1.4,84,53,89,66,114.43,11,AnalysisWSAppLabImplService,http://www.ebi.ac.uk/soaplab/emboss4/services/nucleic_restriction.restover?wsdl,4,Bronze
261.0,83,19.4,84,83,89,91,9.0,31,hellowsdl,http://serwis.sgh.waw.pl/test/nuserver.php?wsdl,1,Platinum
803.0,83,1.2,84,83,89,91,445.0,57,Test Response Service,http://ww.cyberkni.net/links/testing.wsdl,2,Gold
1423.5,47,2.2,47,78,89,89,162.5,7,ISMSServiceservice,http://sms.idws.com/soap/smsservice.dll/wsdl/ISMSService,4,Bronze
169.75,69,8.1,70,60,78,74,11.75,34,LocalService,http://www.nhs.uk/webservices/exportlocalservicesdata/localservices.asmx?WSDL,4,Bronze
134.08,97,15.4,99,73,100,84,10.16,20,NSVMCachingAPI,http://www.yataka.com/NSVMCachingAPI/NSVMCachingAPI.asmx?WSDL,1,Platinum
105.43,87,1.2,95,73,100,80,5.57,11,MyAmazonPlus,http://www.cs.berkeley.edu/~jingtaow/course/webservices/MyAmazonPlus.wsdl,2,Gold
138.06,100,11.0,100,60,78,69,2.06,83,InterFax,http://ws.interfax.net/dfs.asmx?WSDL,2,Gold
47.27,61,20.3,62,67,78,82,2.0,3,AmazonSearchService,http://www.comp.mq.edu.au/units/tech854/lectures/week11/AmazonWebServices.wsdl,4,Bronze
243.0,88,13.8,96,73,100,84,10.2,36,diffseqService,http://genome.dkfz-heidelberg.de/menu/hobit/embapps/wsdl/diffseq.wsdl,1,Platinum
438.0,98,10.0,100,73,78,84,61.0,1,WebService,http://www.framehouse.se/WebObjects/files/Menu2/WebService/Menu.asmx?WSDL,3,Silver
1734.34,97,2.5,98,67,89,58,14.65,91,ERSWebCensusMapService,http://maps.ers.usda.gov/profiles/Web%20References/mapspreview/ERSWebCensusMapService.wsdl,3,Silver
300.5,72,11.8,72,83,89,91,7.5,34,SPS,http://xml.nig.ac.jp/wsdl/SPS.wsdl,2,Gold
175.0,92,4.3,97,73,78,84,13.0,2,LVISWebService,http://lviswebservice.rijwijzer.nu/lviswebservice.asmx?wsdl,3,Silver
207.8,86,1.6,95,58,100,75,9.2,35,wobbleService,http://genome.dkfz-heidelberg.de/menu/hobit/embapps/wsdl/wobble.wsdl,3,Silver
189.0,100,15.4,100,73,100,84,21.5,94,DevLeap_x0020_-_x0020_Codice_x0020_Fiscale,http://devlab.devleap.it/PaoloPi/ws01/CodiceFiscale.asmx?WSDL,1,Platinum
204.0,94,2.0,98,73,100,84,8.2,40,mwfilterService,http://genome.dkfz-heidelberg.de/menu/hobit/embapps/wsdl/mwfilter.wsdl,1,Platinum
120.0,99,7.4,100,73,78,84,10.33,8,GoogleSearchService,http://josquin.cti.depaul.edu/~rburke/courses/w04/ect360/notes/w09/GoogleSearch.wsdl,2,Gold
170.67,96,2.6,99,73,89,84,34.0,90,eyeVeri,http://www.tilisoft.com/ws/eyeVeri/eyeVeri.asmx?wsdl,1,Platinum
213.2,98,0.9,100,58,100,75,7.2,41,chargeService,http://genome.dkfz-heidelberg.de/menu/hobit/embapps/wsdl/charge.wsdl,2,Gold
641.5,96,4.4,99,73,78,84,33.5,87,ICD10,http://www.webservicex.com/icd10.asmx?WSDL,1,Platinum
144.0,85,28.8,95,73,100,84,2.0,9,CodeGenerator,http://www.esynaps.com/webservices/codegenerator.asmx?WSDL,1,Platinum
151.75,88,8.7,96,73,100,84,69.0,7,NumPager,http://ws.acrosscommunications.com/NumPager.asmx?WSDL,2,Gold
943.5,77,4.4,77,73,67,84,88.0,9,getGeoInfo,http://tsdmaps.gsc.nrcan.gc.ca/website/GeochemArcIMS/asps/GuyGeoSurvey.asmx?WSDL,4,Bronze
1314.75,78,3.5,79,73,78,84,30.75,5,WSTCoffeeService,http://www.ebi.ac.uk/Tools/webservices/wsdl/WSTCoffee.wsdl,4,Bronze
86.75,94,23.0,98,73,78,80,18.75,93,SdssFields,http://skyservice.pha.jhu.edu/devel/sdssFields/sdssFields.asmx?wsdl,1,Platinum
133.0,86,7.7,95,73,78,84,10.67,9,GoogleSearchService,http://dept-info.labri.fr/~denis/Enseignement/2005-SSECPD/TP08/GoogleSearch.wsdl,3,Silver
143.25,79,1.8,79,73,78,84,78.0,6,CustomFieldResponseWS,http://www.regonline.com/webservices/CustomFieldResponseWS.asmx?WSDL,4,Bronze
251.4,93,2.1,98,67,100,82,40.6,3,pepcoilService,http://www.ebi.ac.uk/soaplab/emboss4/services/protein_2d_structure.pepcoil.derived?wsdl,3,Silver
300.76,91,8.2,92,67,100,72,46.47,7,QueryService,http://www.ebi.ac.uk/ontology-lookup/OntologyQuery.wsdl,3,Silver
46.0,72,15.4,72,73,78,84,3.0,4,XarayaSoap,http://xaraya.open-world.com.ve/ws.php?wsdl,3,Silver
216.0,93,9.5,98,58,89,69,18.0,10,EAnalyzer,http://tvazteca.viajez.com/WServicesDev/EAnalyzer?WSDL,3,Silver
70.75,56,8.3,56,83,89,91,7.5,11,GeneidmapService,http://www.vbi.vt.edu/~pathport/services/wsdls/geneidmap.wsdl,3,Silver
104.6,51,6.7,51,83,89,91,24.2,9,StretcherService,http://www.vbi.vt.edu/~pathport/services/wsdls/stretcher.wsdl,3,Silver
83.33,39,1.7,40,80,78,78,1.0,63,replicaCatalogService,http://lqcd.jlab.org/wsdl/replica.wsdl,4,Bronze
306.2,95,9.8,99,73,78,80,21.2,90,GeoAddress,http://geoaccess.and.com/geoaccess/geoaddress.asmx?WSDL,1,Platinum
116.0,87,2.8,95,60,100,74,30.0,5,CanadaAddressVerification,http://ws.strikeiron.com/CanadaAddressVerification?WSDL,3,Silver
60.18,93,13.1,98,67,100,77,8.93,9,AWSMechanicalTurkRequester,http://mechanicalturk.amazonaws.com/AWSMechanicalTurk/AWSMechanicalTurkRequester.wsdl,2,Gold
198.0,96,14.7,99,67,78,72,50.0,10,XYToPixelsService,http://www.viamichelin.com/ws/services/XYToPixels?wsdl,3,Silver
149.0,96,24.2,99,89,78,93,1.5,7,eUtilsService,http://www.ncbi.nlm.nih.gov/entrez/eutils/soap/efetch.wsdl,1,Platinum
235.0,83,23.5,84,67,78,72,1.0,7,ReporteAereo,http://www.inbolpack.net/transredes2/WSRepAereo.php?wsdl,3,Silver
505.0,100,6.1,100,73,78,84,11.33,3,GoogleSearchService,http://www.bigbiggeek.com/blog/lib/MT/GoogleSearch.wsdl,3,Silver
471.5,56,3.2,57,73,89,62,5.75,32,FindService,http://lbs.wheresoft.com/api/wssp/findservice.asmx?wsdl,4,Bronze
133.33,95,8.0,98,73,78,84,10.0,10,GoogleSearchService,http://etna.int-evry.fr/cours/WebServices/TP_WS/DotNET/TP_Google/GoogleSearch.wsdl,2,Gold
551.79,80,1.8,81,53,67,76,6.93,8,Interop,http://www.mssoapinterop.org/stk/InteropTyped.wsdl,4,Bronze
203.8,93,1.9,98,73,100,84,9.4,37,antigenicService,http://genome.dkfz-heidelberg.de/menu/hobit/embapps/wsdl/antigenic.wsdl,1,Platinum
112.0,85,32.4,95,73,78,84,1.0,2,WSDLInteropTestListService,http://mssoapinterop.org/asmx/WSDL/WSDLInteropTestListService.wsdl,2,Gold
60.84,70,10.5,71,67,100,77,5.95,5,AWSECommerceService,http://webservices.amazon.com/AWSECommerceService/2005-09-15/US/AWSECommerceService.wsdl,3,Silver
284.65,86,3.1,86,53,89,66,96.22,2,AnalysisWSAppLabImplService,http://www.ebi.ac.uk/soaplab/emboss4/services/phylogeny_molecular_sequence.fdnainvar?wsdl,4,Bronze
211.0,22,9.2,23,73,89,80,9.05,10,valdoc,http://covarm.tvu.ac.uk/valdoc/wsdl/valdocSOAP.wsdl,4,Bronze
352.5,86,4.5,86,73,89,84,267.5,64,wsStrings,http://www.deeptraining.com/webservices/wsStrings.asmx?wsdl,2,Gold
274.78,85,3.5,85,53,89,66,69.26,8,AnalysisWSAppLabImplService,http://www.ebi.ac.uk/soaplab/services/nucleic_gene_finding.wobble?wsdl,4,Bronze
194.8,92,1.8,97,73,100,84,5.2,41,degapseqService,http://genome.dkfz-heidelberg.de/menu/hobit/embapps/wsdl/degapseq.wsdl,1,Platinum
420.67,63,9.2,63,80,100,87,91.34,42,hellowsdl3,http://www.scottnichol.com/samples/hellowsdl3.wsdl,2,Gold
1936.5,93,3.4,98,73,78,84,39.0,93,ICD9ToICD10,http://www.webservicex.com/icd9toicd10.asmx?WSDL,2,Gold
199.0,94,10.1,98,73,78,84,39.0,5,sample,http://www.startvbdotnet.com/web/sample1.asmx?wsdl,3,Silver
227.8,100,14.6,100,73,100,84,11.6,40,notseqService,http://genome.dkfz-heidelberg.de/menu/hobit/embapps/wsdl/notseq.wsdl,1,Platinum
154.0,83,23.5,84,83,89,91,5.0,9,SerClsPeticionSOAPStratusMobipayservice,http://sas-d.sermepa.es/TPV_PC/wsdl/SerClsPeticionSOAPStratusMobipay.wsdl,1,Platinum
2175.17,47,2.3,48,73,100,84,1.84,5,HomeWorkService,http://www.travelwithjan.com/thaisky/rsu/cit695/homework.asmx?wsdl,4,Bronze
1674.0,55,0.8,56,67,78,85,1005.4,9,TargetServiceBinding,http://nime-glad.nime.ac.jp/en/program/search/target.php?wsdl,4,Bronze
82.0,90,18.9,97,73,89,62,1.0,2,DataUtil,http://www.rideontime.com/ws/DataUtil.asmx?wsdl,3,Silver
173.0,83,11.5,84,73,89,75,20.0,5,showmyip_lookup,http://www.ippages.com/soap/lookupserver.php?wsdl,3,Silver
174.17,88,13.7,96,73,78,84,18.84,5,EnvioSMS,http://www.telefonica-moviles.deusto.es/enviarSMS/enviosms.asmx?WSDL,2,Gold
138.25,98,14.5,100,73,100,84,19.92,39,TextAnywhere_SMS,http://ws.textanywhere.net/ta_sms.asmx?wsdl,1,Platinum
105.56,92,14.6,97,73,78,80,0.67,95,DOTSAddressValidate,http://ws2.serviceobjects.net/av/AddressValidate.asmx?WSDL,1,Platinum
322.33,99,9.0,100,73,89,62,18.66,8,pathwayDBSer,http://interviewer.inha.ac.kr/stpWebServer/pathwayDBSer.asmx?WSDL,3,Silver
96.0,83,21.8,84,67,89,72,4.0,4,paddleService,http://www.terawave.ca/webservices/paddle.cfc?wsdl,3,Silver
2835.56,97,2.0,99,73,78,62,13.45,89,Tiscali_x0020_Presence_x0020_Services,http://webservices.tiscali.com/PresenceServices.asmx?WSDL,3,Silver
229.4,98,13.9,100,73,100,84,10.4,39,sixpackService,http://genome.dkfz-heidelberg.de/menu/hobit/embapps/wsdl/sixpack.wsdl,1,Platinum
184.5,73,3.2,74,73,67,80,1.5,59,ServicioRouting,http://www.geoservicios.com/V2.0/sr/sr.asmx?wsdl,3,Silver
281.0,90,10.2,97,67,78,77,0.82,81,XigniteEmerging,http://www.xignite.com/xEmerging.asmx?WSDL,1,Platinum
248.8,88,1.1,96,67,100,82,42.4,8,trimestService,http://www.ebi.ac.uk/soaplab/emboss4/services/edit.trimest.derived?wsdl,3,Silver
615.0,97,1.4,99,80,78,65,54.5,33,basicmap,http://citizenatlas.dc.gov/webservices/basicmap.asmx?wsdl,3,Silver
217.6,94,14.1,98,73,100,84,10.6,34,megamergerService,http://genome.dkfz-heidelberg.de/menu/hobit/embapps/wsdl/megamerger.wsdl,1,Platinum
249.08,12,8.7,12,53,78,71,7.23,64,OnlineMessenger,http://myoms.net/soap/oms2.wsdl,4,Bronze
210.5,72,8.3,72,80,100,78,6.5,96,SoapGO,http://genome.dkfz-heidelberg.de/menu/hobit/SoapGO.wsdl,1,Platinum
134.0,83,12.0,84,83,78,93,32.0,4,SessionCreateRQService,http://webservices.sabre.com/wsdl/sabreXML1.0.00/usg/SessionCreateRQ.wsdl,2,Gold
210.4,90,4.3,96,73,100,84,8.4,8,tfmService,http://www.ebi.ac.uk/soaplab/emboss4/services/information.tfm.derived?wsdl,2,Gold
258.5,72,9.2,72,73,89,75,14.5,9,NPOsMedicalPaginalTranslationService,http://trans.nict.go.jp/axis/services/NPOsMedicalPaginalTranslationService?wsdl,3,Silver
315.72,92,6.5,97,72,78,86,10.4,10,PDCWebService,http://www.eanpdc.co.za/PDCWebservice/PDCWebService.WSDL,3,Silver
305.4,93,12.2,98,73,100,84,7.8,42,sixpackService,http://genome.dkfz-heidelberg.de/menu/hobit/embapps/wsdl/sixpack.wsdl,1,Platinum
81.0,70,8.5,70,73,89,84,38.75,11,MathTools,http://www.karlbrouillette.com/demo1/mathtools.asmx?wsdl,3,Silver
103.0,85,16.1,95,73,78,80,0.89,91,DOTSFastWeather,http://ws2.serviceobjects.net/fw/fastweather.asmx?wsdl,1,Platinum
174.0,83,14.9,84,73,100,75,3.0,37,reasoner,http://tools.deri.org/services/reasoner.wsdl,2,Gold
137.0,86,8.6,86,73,78,84,2.0,8,HawleyCreditCardValidate,http://yorktown.cbe.wwu.edu/04Fall/hawleyr/A2/CreditCardValidate.asmx?wsdl,3,Silver
242.5,62,6.1,63,73,89,75,5.12,6,ExampleService,http://trans.nict.go.jp/axis/services/ExampleService?wsdl,4,Bronze
330.2,85,2.1,95,67,100,82,46.8,3,fdnacompService,http://www.ebi.ac.uk/soaplab/emboss4/services/phylogeny_molecular_sequence.fdnacomp.derived?wsdl,3,Silver
121.0,98,22.3,99,73,100,84,3.0,9,RetHeaderService,http://www.whitemesa.net/r3/InteropTestheaders.wsdl,1,Platinum
160.5,86,17.2,86,73,89,84,3.0,6,zCalcSvc,http://www.procdev.com/zcalcs/zcalcsvc.asmx?wsdl,2,Gold
205.0,71,13.1,72,83,89,91,11.0,4,SerClsPeticionSOAPTPVPCservice,http://sas-d.sermepa.es/TPV_PC/wsdl/SerClsEntradaTPVPCv3d1.wsdl,2,Gold
2440.33,71,1.1,72,67,78,77,1883.33,6,GeocoderService,http://www.nowwhereroute.com/webservices/quicklocate.asmx?WSDL,4,Bronze
293.0,99,27.8,100,73,100,80,13.0,5,DownloadService,http://www.samsung.com/nl/support/WcmsService/DownloadService.asmx?WSDL,1,Platinum
98.33,99,5.5,100,73,100,80,46.66,67,CongressionalDirectory,http://www.strikeiron.com/webservices/congress.asmx?wsdl,1,Platinum
305.7,86,5.5,86,53,89,66,91.18,4,AnalysisWSAppLabImplService,http://www.ebi.ac.uk/soaplab/services/nucleic_codon_usage.cai?wsdl,4,Bronze
208.5,100,11.3,100,80,89,65,50.5,35,GetPeopleSearch,http://mpip.cityofmobile.org/MpipWebService/GetPeopleSearch.asmx?WSDL,2,Gold
183.57,99,13.0,100,73,78,80,7.57,95,Tiscali_x0020_Security_x0020_Services,http://webservices.tiscali.com/SecurityServices.asmx?wsdl,1,Platinum
857.0,83,6.4,84,73,100,87,3.0,8,CounterDeleteInformationWS,http://rep.oio.dk/kmd.dk/energi/xml/wsdl/2005/07/05/CounterDeleteInformationWS.wsdl,3,Silver
367.4,85,4.4,95,73,100,84,6.0,35,embossversionService,http://genome.dkfz-heidelberg.de/menu/hobit/embapps/wsdl/embossversion.wsdl,2,Gold
1383.33,91,3.2,91,73,78,84,41.83,10,WSFastaService,http://www.ebi.ac.uk/Tools/webservices/wsdl/WSFasta.wsdl,3,Silver
181.33,89,8.9,96,73,78,84,12.33,3,GoogleSearchService,http://www.brics.dk/~amoeller/CCI/WWW/webservices/GoogleSearch.wsdl,3,Silver
247.4,98,2.6,100,73,100,84,43.2,8,noreturnService,http://www.ebi.ac.uk/soaplab/emboss4/services/edit.noreturn.derived?wsdl,2,Gold
262.5,86,4.2,95,73,100,80,17.25,65,LandmarkService,http://www.terraserver-usa.com/LandmarkService.asmx?WSDL,1,Platinum
503.0,16,5.0,16,67,89,72,43.71,93,Service,http://rsdn.ru/ws/service.asmx?wsdl,4,Bronze
357.33,97,0.9,99,73,100,80,1.66,37,WsdlContractFirstService,http://isb.oio.dk/oioservice/service/public/3/open/wsdlcontractfirstservice.asmx?WSDL,2,Gold
412.5,72,5.9,72,73,100,84,5.0,8,UserAddModify,http://www.shn.org.au/UserAddModify.asmx?wsdl,3,Silver
316.5,72,15.9,72,80,89,87,5.5,8,Slash/SOAP/Test,http://use.perl.org/soap/Test.wsdl,3,Silver
145.0,83,8.9,84,73,89,75,11.0,7,showmyip,http://www.showmyip.com/soap/server.php?wsdl,3,Silver
275.8,85,12.1,95,73,100,84,8.8,40,remapService,http://genome.dkfz-heidelberg.de/menu/hobit/embapps/wsdl/remap.wsdl,1,Platinum
320.0,91,23.3,97,73,89,62,237.0,6,Courses,http://www.quilogy.com/webservices/courselist.asmx?wsdl,3,Silver
102.0,91,9.2,97,67,78,82,1.0,9,BasicAddressMatch,http://www.bgtaddresstools.state.pa.us/BasicAddressMatch/BasicAddressMatch.asmx?wsdl,3,Silver
514.33,47,3.0,47,73,78,75,123.5,9,ContactClean,http://www.maillocate.com/soap/index.php?wsdl,4,Bronze
107.0,83,31.3,84,73,100,84,3.0,7,AreaService,http://www.eclipse.org/webtools/jst/components/ws/M3/tutorials/resources/TopDownWebService/AreaService.wsdl,1,Platinum
174.67,85,11.1,95,58,89,80,1.0,3,GetSubjectElement,http://plato.stlucie.k12.fl.us/mis/play.nsf/GetSubject?WSDL,3,Silver
298.61,86,1.3,87,53,89,66,89.83,11,AnalysisWSAppLabImplService,http://www.ebi.ac.uk/soaplab/emboss4/services/phylogeny_molecular_sequence.fdnacomp?wsdl,4,Bronze
87.14,87,20.5,95,67,89,58,0.71,41,MemberServices,http://www.keybrick.net/webservices/members.asmx?wsdl,2,Gold
297.38,71,1.9,72,73,89,75,6.38,66,AccountServiceNoHeader,http://www.esendex.com/secure/messenger/soap/AccountServiceNoHeader.asmx?wsdl,3,Silver
252.0,93,0.7,98,67,100,82,39.6,2,backtranambigService,http://www.ebi.ac.uk/soaplab/emboss4/services/nucleic_translation.backtranambig.derived?wsdl,3,Silver
200.8,93,2.4,98,73,100,84,7.4,41,garnierService,http://genome.dkfz-heidelberg.de/menu/hobit/embapps/wsdl/garnier.wsdl,1,Platinum
444.0,83,13.2,84,73,89,84,24.0,63,SiteInspectService,http://www.flash-db.com/services/ws/siteInspect.wsdl,1,Platinum
193.0,88,1.6,96,73,100,84,8.6,37,patmatdbService,http://genome.dkfz-heidelberg.de/menu/hobit/embapps/wsdl/patmatdb.wsdl,2,Gold
669.1,56,1.3,57,60,89,69,3.2,64,premiumuser package,http://www.gamepro.de/webservice/premiumusers/premiumuser.cfc?wsdl,4,Bronze
191.2,96,1.5,99,73,100,84,7.6,36,profitService,http://genome.dkfz-heidelberg.de/menu/hobit/embapps/wsdl/profit.wsdl,1,Platinum
243.0,98,25.6,100,73,100,84,1.0,6,eSynapsFeed,http://www.esynaps.com/WebServices/eSynapsFeed.asmx?wsdl,1,Platinum
481.33,88,0.8,96,67,78,82,1.0,96,XigniteDataSet,http://www.xignite.com/xDataSet.asmx?wsdl,2,Gold
103.0,93,34.2,98,67,100,85,2.0,7,guidissue,http://www.sfuma.it/flashfoos/guidissue.asmx?WSDL,1,Platinum
312.97,93,6.0,98,67,78,58,25.7,35,FuelPricingServices,http://motormouth.net.au/Services/FuelPricingServices.asmx?wsdl,3,Silver
331.0,85,25.0,95,73,100,80,19.0,3,DownloadService,http://www.samsung.com/lv/support/WcmsService/DownloadService.asmx?WSDL,2,Gold
336.0,88,12.0,96,73,100,84,11.6,41,wordmatchService,http://genome.dkfz-heidelberg.de/menu/hobit/embapps/wsdl/wordmatch.wsdl,1,Platinum
429.81,26,2.6,26,78,78,89,236.93,7,SubscriptionService,http://rep.oio.dk/OIO%20services/SubscriptionService.wsdl,4,Bronze
227.0,97,15.7,99,80,100,87,3.0,2,EHCIntegrationService,http://new.ehealthcompete.com/webservices/eis.wsdl,1,Platinum
136.86,87,1.8,96,67,100,82,1.15,96,XWebBlog,http://ws.xwebservices.com/XWebBlog/XWebBlog.asmx?wsdl,1,Platinum
342.43,85,5.4,86,53,89,66,147.47,10,AnalysisWSAppLabImplService,http://www.ebi.ac.uk/soaplab/emboss4/services/nucleic_cpg_islands.newcpgseek?wsdl,4,Bronze
165.0,100,23.4,100,73,100,80,2.0,4,FastCompletion,http://validator2.addressdoctor.com/addFastCompletion/FastCompletion.asmx?wsdl,1,Platinum
175.5,90,7.6,97,80,100,83,39.0,11,OutboundCallService,http://beta.angel.com/outbound/wsdl/OutboundCallService.wsdl,2,Gold
1832.67,89,3.3,96,67,100,77,4.0,10,serviceName,http://mips.gsf.de/proj/hobitws/services/PsimiService?wsdl,3,Silver
349.58,66,2.3,66,80,89,83,36.58,7,Service,http://macrowebservices.com/clients/sdg/ws/service.asmx?WSDL&v=3,4,Bronze
516.67,63,7.2,63,83,89,91,10.67,33,sms,http://www.info-me-sms.it/ws.php?wsdl,3,Silver
175.5,96,4.7,99,60,100,74,58.0,26,Medicare,http://ws.strikeiron.com/medicare_2_5?WSDL,3,Silver
391.59,97,5.4,99,83,78,93,16.18,36,ResellerService,http://www.dangerimp.com/RetailInterface.wsdl,1,Platinum
121.0,90,4.1,91,73,78,84,30.2,58,interop2B,http://www.cs.fsu.edu/~engelen/interop2B_2.wsdl,2,Gold
157.5,46,5.6,47,73,89,84,12.33,6,Euro42,http://www.ebob42.com/cgi-bin/Euro42.asmx?wsdl,4,Bronze
142.56,60,7.9,61,73,67,80,86.0,93,CasUsers,http://casjobs.sdss.org/CasJobs/CasUsers.asmx?wsdl,3,Silver
117.0,86,20.0,86,73,89,84,2.5,2,DailyHoro,http://www.mastercsharp.com/live/horoservice2/wshoro.asmx?wsdl,2,Gold
198.8,100,1.4,100,73,100,84,6.8,32,shuffleseqService,http://genome.dkfz-heidelberg.de/menu/hobit/embapps/wsdl/shuffleseq.wsdl,1,Platinum
299.83,85,2.2,86,53,89,66,100.74,9,AnalysisWSAppLabImplService,http://www.ebi.ac.uk/soaplab/services/nucleic_profiles.prophet?wsdl,4,Bronze
202.0,98,9.7,99,80,78,87,43.0,94,PCtoLongLat,http://01792.org/webservices/PCtoLongLat.asmx?wsdl,1,Platinum
61.42,79,8.9,80,67,100,77,5.37,8,AWSECommerceService,http://webservices.amazon.com/AWSECommerceService/2005-03-23/CA/AWSECommerceService.wsdl,3,Silver
232.2,87,2.2,95,73,100,84,7.8,38,equicktandemService,http://genome.dkfz-heidelberg.de/menu/hobit/embapps/wsdl/equicktandem.wsdl,2,Gold
195.0,83,34.7,84,80,78,83,107.0,6,walker_service,http://www.walkermowers.com/ws/opei/claimb.wsdl,2,Gold
329.5,92,3.6,97,73,78,84,13.0,33,UDDIBusinessFinder,http://www.webservicex.net/UDDIBusinessFinder.asmx?WSDL,2,Gold
197.0,89,28.6,96,60,89,69,16.0,11,checkidService,http://www.housecall.co.uk/cfc/checkid.cfc?wsdl,2,Gold
435.33,21,4.2,22,33,89,59,10.77,8,PassportService,http://passport.sme.gov.cn/services/Passport?wsdl,4,Bronze
115.0,87,24.5,95,67,89,82,1.0,11,interopLabEchoHeader,http://mssoapinterop.org/stk/interopC.wsdl,2,Gold
248.31,12,7.3,12,53,78,71,9.46,66,OnlineMessenger,http://www.myoms.net/soap/oms2.wsdl,4,Bronze
333.5,68,3.0,68,73,89,84,2.9,40,gcat,http://dp2003.com/dp2libraryws/gcat.asmx?wsdl,3,Silver
539.29,63,6.2,63,80,67,87,324.79,41,CurrencyServerWebService,http://www.currencyserver.de/webservice/currencyserverwebservice.asmx?WSDL,3,Silver
200.2,100,1.1,100,73,100,84,10.4,40,nthseqService,http://genome.dkfz-heidelberg.de/menu/hobit/embapps/wsdl/nthseq.wsdl,1,Platinum
276.6,93,2.3,98,73,100,84,5.8,42,fuzzproService,http://genome.dkfz-heidelberg.de/menu/hobit/embapps/wsdl/fuzzpro.wsdl,1,Platinum
124.67,89,2.1,96,73,78,62,39.0,6,ReportService,http://www.wce.ca/ReportService.asmx?wsdl,4,Bronze
2836.25,79,2.4,79,73,67,84,78.75,7,DataService,http://samples.gotdotnet.com/quickstart/aspplus/samples/services/DataService/VB/DataService.asmx?WSDL,4,Bronze
211.25,89,10.9,89,67,78,72,152.75,9,WSDLInteropTestRpcEncService,http://mssoapinterop.org/asmx/WSDL/WSDLInteropTestRpcEncService.wsdl,3,Silver
229.75,86,10.1,95,73,89,84,87.75,90,CEqImageSecure,http://www.quisque.com/fr/techno/eqimage/secure/eqimage.asmx?wsdl,1,Platinum
280.6,91,0.9,97,67,100,82,39.4,12,pasteseqService,http://www.ebi.ac.uk/soaplab/emboss4/services/edit.pasteseq.derived?wsdl,3,Silver
436.6,90,1.3,91,73,100,84,90.2,37,showdbService,http://genome.dkfz-heidelberg.de/menu/hobit/embapps/wsdl/showdb.wsdl,2,Gold
300.54,40,4.0,40,60,78,54,23.93,9,Lists,http://www.wssdemo.com/_vti_bin/lists.asmx?wsdl,4,Bronze
609.4,91,1.1,91,73,100,84,26.0,35,wossnameService,http://genome.dkfz-heidelberg.de/menu/hobit/embapps/wsdl/wossname.wsdl,2,Gold
286.0,93,9.4,98,73,78,84,16.0,87,Afstandsberegner,http://xmltools.oio.dk/afstd/afstandsberegner.asmx?WSDL,1,Platinum
142.0,97,20.8,99,73,100,84,2.0,41,IPHelpers,http://www.romsteady.net/whatip/iphelpers.asmx?wsdl,1,Platinum
292.0,86,3.8,87,53,89,66,90.0,10,AnalysisWSAppLabImplService,http://www.ebi.ac.uk/soaplab/emboss4/services/nucleic_rna_folding.vrnadistance?wsdl,4,Bronze
356.0,84,4.7,84,73,89,75,72.0,2,AuthenticationService,http://mobilenavigation.siemensvdo.com/mnp/services/Authentication?wsdl,3,Silver
215.6,91,15.9,97,73,100,84,5.4,37,showorfService,http://genome.dkfz-heidelberg.de/menu/hobit/embapps/wsdl/showorf.wsdl,1,Platinum
495.0,97,9.2,99,73,100,84,10.0,32,restrictService,http://genome.dkfz-heidelberg.de/menu/hobit/embapps/wsdl/restrict.wsdl,1,Platinum
256.39,85,5.1,86,53,89,66,77.13,10,AnalysisWSAppLabImplService,http://www.ebi.ac.uk/soaplab/services/edit.entret?wsdl,4,Bronze
182.25,67,9.7,67,67,67,85,46.5,7,RenderServer3D,http://ws.xara.com/graphicrender/render3d.wsdl,4,Bronze
399.75,56,5.0,57,67,89,72,85.75,36,L9C_BC,http://igsee.l9c.org/soap.php?wsdl,4,Bronze
248.6,91,2.7,97,73,100,84,44.4,10,ehmmemitService,http://www.ebi.ac.uk/soaplab/emboss4/services/hmm.ehmmemit.derived?wsdl,2,Gold
419.6,92,10.8,97,73,100,84,9.6,38,consService,http://genome.dkfz-heidelberg.de/menu/hobit/embapps/wsdl/cons.wsdl,1,Platinum
1147.3,27,3.2,28,60,78,79,1.91,1,IACHSOAPservice,http://tstsvr.achworks.com/testexec/achtstsoapbz.tss/wsdl/IACHSOAP,4,Bronze
131.57,80,2.3,80,53,67,76,6.5,10,Interop,http://mssoapinterop.org/stk/LoggedInteropTyped.wsdl,4,Bronze
413.09,8,5.4,9,60,89,69,10.11,36,soap4buildwsdl,http://www.4build.com/4build_test1/psoap/soap4buildwsdl.php?wsdl,4,Bronze
845.18,11,2.7,11,67,89,82,655.66,86,PartnerServices,http://etourist.b-es.de/services/partnerservices.asmx?wsdl,4,Bronze
53.0,83,14.5,84,73,100,84,2.0,7,ExceptionCollectionService,http://www.exceptioncollection.com/ExceptionCollectionService.asmx?wsdl,2,Gold
170.0,85,3.1,95,60,100,79,48.25,87,CaptchaService,http://ws.strikeiron.com/textdisguise/CaptchaService?WSDL,1,Platinum
112.83,98,4.1,100,73,100,84,45.16,33,Files,http://ws.acrosscommunications.com/Files.asmx?wsdl,1,Platinum
196.83,75,1.1,75,73,78,84,36.16,96,CodiceFiscale,http://webservices.dotnethell.it/codicefiscale.asmx?wsdl,2,Gold
133.5,90,5.4,97,73,100,80,20.0,59,Pickup,http://www.saiasecure.com/webservice/pickup/soap.asmx?wsdl,1,Platinum
67.0,86,41.0,95,73,100,84,5.0,3,StockQuoteServiceService,http://piv-login2.osc.edu/axis/services/stock-wss-01?wsdl,1,Platinum
213.0,100,1.3,100,58,100,75,8.6,38,isochoreService,http://genome.dkfz-heidelberg.de/menu/hobit/embapps/wsdl/isochore.wsdl,2,Gold
4207.5,92,1.1,92,80,89,83,3881.25,11,WSDLInteropTestDocLitService,http://soapclient.com/interop/doclitparam.wsdl,4,Bronze
239.22,85,7.7,86,53,89,66,53.22,12,AnalysisWSAppLabImplService,http://www.ebi.ac.uk/soaplab/emboss4/services/information.whichdb?wsdl,4,Bronze
230.89,79,11.0,79,60,89,69,4.11,9,JoeGustavServerService,http://85.10.210.46:8989/joegustav/services/JoeGustavServer?wsdl,4,Bronze
141.33,94,6.9,98,73,78,84,7.33,10,GoogleSearchService,http://soapclient.com/xml/googleSearch.wsdl,3,Silver
98.4,93,18.9,98,73,78,62,23.8,39,fandgSubscriptionWS,http://www.fairwaysandgreens.com/ws/fandgsubscriptionws.asmx?wsdl,2,Gold
176.67,96,3.5,99,60,100,79,61.34,82,Hill,http://ws.strikeiron.com/Quisque/Hill?WSDL,1,Platinum
438.78,89,8.4,96,67,78,77,0.67,95,XigniteMetals,http://services.xignite.com/xmetals.asmx?wsdl,1,Platinum
85.25,78,9.2,78,73,89,84,3.5,89,UtilityService,http://www.fmnsoft.com/UtilityService.asmx?wsdl,1,Platinum
97.4,51,3.3,52,42,78,62,2.0,9,BuchungService,http://www.ibr.cs.tu-bs.de/users/fischer/ws-buch/beispiele/11/b2b.org/buchung.wsdl,4,Bronze
126.83,100,15.7,100,67,78,77,1.0,93,XigniteTools,http://xignite19.xignite.com/xTools.asmx?wsdl,1,Platinum
116.33,46,9.2,46,83,89,91,4.83,2,DistanceService,http://webservices.imacination.com/distance/Distance.jws?wsdl,4,Bronze
368.0,61,1.0,62,53,89,66,202.82,63,Climate Data,http://arccf10.tor.ec.gc.ca/climate/functions/climatedata.cfc?wsdl,4,Bronze
225.87,25,6.1,26,67,89,72,22.0,31,sdm25,http://www.se-services.nl/lib/sdm25/sdm25.php?wsdl,4,Bronze
150.0,56,11.0,56,83,89,91,0.5,92,MultipleAlignment,http://projects.mi.fu-berlin.de/hobit/MultipleAlignment.wsdl,1,Platinum
4651.0,65,0.9,65,73,100,80,273.0,2,WS4lsqlService,http://standarder.oio.dk/ws4lsql.wsdl,4,Bronze
704.0,83,15.5,84,89,100,93,8.0,65,Demo,http://www.relevantum.fi/demot/soap/demo1-kello.wsdl,1,Platinum
2561.33,87,1.2,96,67,78,72,28.0,40,CashFlowPresentValues,http://www.webservicex.net/cashflow.asmx?WSDL,4,Bronze
217.05,91,7.3,91,67,100,77,28.0,3,AWSECommerceService,http://webservices.amazon.com/AWSECommerceService/2006-02-15/UK/AWSECommerceService.wsdl,3,Silver
144.8,91,18.8,97,73,78,62,27.2,88,USHolidayService,http://www.holidaywebservice.com/Holidays/US/USHolidayService.asmx?WSDL,1,Platinum
309.2,96,12.6,99,73,100,84,10.6,39,waterService,http://genome.dkfz-heidelberg.de/menu/hobit/embapps/wsdl/water.wsdl,1,Platinum
114.83,89,18.5,96,73,100,80,31.66,66,Shipment,http://www.saiasecure.com/webservice/shipment/soap.asmx?wsdl,1,Platinum
190.17,73,2.6,74,73,89,80,19.67,61,ServicioGeocodificacion,http://www.geoservicios.com/V1.0/sgeo/sgeo.asmx?wsdl,2,Gold
227.0,92,15.0,97,73,100,84,6.6,34,megamergerService,http://genome.dkfz-heidelberg.de/menu/hobit/embapps/wsdl/megamerger.wsdl,1,Platinum
220.6,96,1.3,99,73,100,84,6.2,39,garnierService,http://genome.dkfz-heidelberg.de/menu/hobit/embapps/wsdl/garnier.wsdl,1,Platinum
167.0,85,24.6,95,73,100,84,2.0,5,Service1,http://www.milan.sk/WebService1/Service1.asmx?wsdl,1,Platinum
520.5,92,6.5,97,67,100,72,19.25,62,TerraService,http://terraserver-usa.com/terraservice.asmx?WSDL,2,Gold
410.75,78,8.4,79,73,89,84,3.75,9,Dilbert,http://www.gcomputer.net/webservices/dilbert.asmx?wsdl,3,Silver
535.0,78,0.2,79,53,89,66,191.8,7,AnalysisWSAppLabImplService,http://www.ebi.ac.uk/soaplab/emboss4/services/protein_motifs.emast?wsdl,4,Bronze
324.0,83,16.0,84,83,89,93,7.0,8,BankValSOAP,http://www.bankval.co.uk/BankValtranspose.wsdl,2,Gold
1730.0,72,2.0,72,67,89,72,245.5,9,GMPubSrvService,http://freemosp.51ditu.com/wsdl/GMPubSrv.wsdl,4,Bronze
215.6,89,1.5,96,73,100,84,11.8,38,helixturnhelixService,http://genome.dkfz-heidelberg.de/menu/hobit/embapps/wsdl/helixturnhelix.wsdl,2,Gold
211.0,86,14.3,95,73,100,84,8.6,41,trimseqService,http://genome.dkfz-heidelberg.de/menu/hobit/embapps/wsdl/trimseq.wsdl,1,Platinum
171.0,83,18.6,84,80,78,87,5.0,5,SearchCuroCustomerService,http://intnpp.post.ch/EPPWS-web-services/wsdl/EPPWSint.wsdl,2,Gold
223.83,92,10.8,97,53,89,66,39.74,6,AnalysisWSAppLabImplService,http://www.ebi.ac.uk/soaplab/emboss4/services/utils_database_creation.domainnr?wsdl,4,Bronze
128.8,98,11.6,97,73,100,84,4.39,2,VTServiceProxy,http://www.verticaltruth.com/VTServiceProxy.asmx?WSDL,2,Gold
128.06,62,3.3,62,73,89,84,10.56,4,KBBEWebService,http://www.secretary.state.nc.us/KBBEWebService/KBBEWebService.asmx?wsdl,4,Bronze
187.2,96,2.0,99,60,100,74,51.8,87,Cesar,http://ws.strikeiron.com/Quisque/Caesar?WSDL,1,Platinum
259.6,97,0.9,99,67,100,82,59.2,1,cutseqService,http://www.ebi.ac.uk/soaplab/emboss4/services/edit.cutseq.derived?wsdl,3,Silver
158.2,87,15.5,95,73,78,62,6.2,32,DetailZbozi,http://www.atcomp.cz/webservices/DetailZbozi.asmx?WSDL,3,Silver
443.56,94,6.6,98,60,89,72,232.46,7,IWebAPIService,http://tbe.taleo.net/wsdl/WebAPI.wsdl,3,Silver
156.0,86,23.3,95,80,100,87,2.0,95,promotionService,http://interpressfact.net/webservices/promotionservice.asmx?WSDL,1,Platinum
306.0,90,12.6,96,73,100,84,7.0,35,matcherService,http://genome.dkfz-heidelberg.de/menu/hobit/embapps/wsdl/matcher.wsdl,1,Platinum
209.0,94,14.8,98,73,100,80,24.5,33,Office,http://www.fborghi.it/Services/Office.asmx?wsdl,1,Platinum
724.0,85,13.1,95,50,89,72,2.0,8,TransportService,http://www.aimms.com/TransportService/ProxyRole.wsdl,4,Bronze
243.0,89,7.0,90,67,100,77,49.11,10,AWSECommerceService,http://webservices.amazon.com/AWSECommerceService/2005-07-26/UK/AWSECommerceService.wsdl,3,Silver
192.25,89,11.0,89,78,78,89,1.0,65,CalcService,http://services.roesweb.nl/Calc.wsdl,1,Platinum
84.0,95,22.4,99,50,89,77,1.0,2,GtsInterfacesService,http://www.myyellow.com/dynamic/services/content/ecommerce/etools/webservices/gtsimplbolpud.wsdl,3,Silver
387.0,83,22.6,84,83,89,91,1.0,4,ServicioSuma,http://petra.euitio.uniovi.es./~labra/ws/suma.php?wsdl,1,Platinum
232.0,85,12.8,95,78,78,91,5.0,12,PegsTourService,http://www.mail-archive.com/axis-c-dev@ws.apache.org/msg04871/durchstich.wsdl,2,Gold
79.0,83,22.7,84,50,89,80,4.0,7,ZtpInterfacesService,http://www.myyellow.com/dynamic/services/content/ecommerce/etools/webservices/ztpimpl.wsdl,3,Silver
84.25,90,16.3,97,67,78,72,42.0,35,ADQLTranslator,http://openskyquery.net/ADQLTranslator/ADQLTrans.asmx?wsdl,2,Gold
225.0,100,1.9,100,58,100,75,5.8,35,pepnetService,http://genome.dkfz-heidelberg.de/menu/hobit/embapps/wsdl/pepnet.wsdl,2,Gold
246.4,100,1.9,100,67,100,82,42.8,1,oddcompService,http://www.ebi.ac.uk/soaplab/emboss4/services/protein_motifs.oddcomp.derived?wsdl,2,Gold
258.5,78,10.7,78,73,89,84,2.25,5,countryip,http://www.senzaspam.com/countryip.asmx?WSDL,3,Silver
635.86,86,6.8,95,80,100,86,3.72,2,Glide,http://www.service-now.com/demo/incident.do?WSDL,2,Gold
296.06,55,6.5,56,67,78,72,64.28,96,ServiceBilling,http://www.gama-system.com/webservices/servicebilling.asmx?wsdl,3,Silver
512.0,93,10.4,98,73,78,84,64.0,38,BarCode,http://www.webservicex.com/barcode.asmx?WSDL,2,Gold
107.0,87,1.9,95,73,89,62,58.33,93,CasUsers,http://galex.stsci.edu/casjobs/CasUsers.asmx?WSDL,2,Gold
368.5,85,3.7,95,67,78,82,19.0,9,WebServiceAuthenticator,http://webservices.seek.com.au/WebserviceAuthenticator.asmx?wsdl,3,Silver
154.0,90,23.9,97,73,78,80,9.0,9,SOAPSend,http://www.mxtelecom.com/uk/html/uk/tech/sms/xml/wapmx-sms.wsdl,2,Gold
155.0,100,28.1,100,67,89,72,8.0,59,sekeywordService,http://www.aspiringgeek.com/cfc/keyword/sekeyword.cfc?wsdl,1,Platinum
202.4,89,1.0,96,73,100,84,9.2,33,nthseqService,http://genome.dkfz-heidelberg.de/menu/hobit/embapps/wsdl/nthseq.wsdl,2,Gold
242.0,87,2.8,95,73,100,84,6.2,39,psiphiService,http://genome.dkfz-heidelberg.de/menu/hobit/embapps/wsdl/psiphi.wsdl,2,Gold
111.2,91,17.6,97,50,78,77,14.4,35,IDV,http://rnsdemo.rnsolutions.com/dcis/wsdl/BusinessServices/DataCollection/contracts/1.2/IDV.wsdl,3,Silver
120.83,64,5.4,65,73,89,75,69.16,2,BlastbtService,http://www.vbi.vt.edu/~pathport/services/wsdls/clusterblast.wsdl,4,Bronze
782.0,84,1.5,85,73,78,87,3.0,10,ReportReadingWS,http://rep.oio.dk/kmd.dk/energi/xml/wsdl/2005/07/05/ReportReadingWS.wsdl,3,Silver
137.22,96,1.6,99,73,100,84,75.0,36,ATMService,http://www.lyonsreg.com/webservices/atm/ATMService.asmx?wsdl,1,Platinum
154.0,98,14.0,99,73,100,80,3.0,4,BaseformService,http://wortschatz.uni-leipzig.de/axis/services/Baseform?wsdl,2,Gold
347.67,47,2.1,48,78,89,91,8.34,32,AOSIFWSService,http://www.aaiedu.hr/fws/fws.wsdl,4,Bronze
249.0,97,8.5,99,67,78,58,43.85,10,Fungus,http://www.indexfungorum.org/ixfwebservice/fungus.asmx?WSDL,4,Bronze
128.31,91,12.4,97,67,78,82,20.8,91,GBEAWHolidayDates,http://www.holidaywebservice.com/Holidays/GBEAW/Dates/GBEAWHolidayDates.asmx?WSDL,1,Platinum
172.0,98,6.1,99,73,78,84,1.0,37,GeoIPService,http://www.webservicex.com/geoipservice.asmx?WSDL,2,Gold
470.0,94,12.4,98,73,78,84,1.0,5,TorqueUnit,http://www.webservicex.net/ConvertTorque.asmx?WSDL,2,Gold
274.0,100,14.0,100,73,100,84,6.6,32,emowseService,http://genome.dkfz-heidelberg.de/menu/hobit/embapps/wsdl/emowse.wsdl,1,Platinum
126.67,94,9.5,98,73,100,84,0.67,94,BagsOnNet,http://www.bagsonnet.com/Services/BagsOnNet.asmx?wsdl,1,Platinum
273.2,86,1.8,95,58,100,75,8.2,40,isochoreService,http://genome.dkfz-heidelberg.de/menu/hobit/embapps/wsdl/isochore.wsdl,3,Silver
1122.0,51,3.3,51,73,78,84,1032.6,10,SQLDataInterop,http://www.soapclient.com/interop/InteropB.wsdl,4,Bronze
490.5,89,4.1,96,73,100,80,4.5,9,PeopleWS,http://people.epfl.ch/wsdl/PeopleWS.wsdl,2,Gold
390.2,91,11.0,97,58,100,75,8.6,41,danService,http://genome.dkfz-heidelberg.de/menu/hobit/embapps/wsdl/dan.wsdl,2,Gold
1284.0,94,8.2,98,67,100,82,1236.0,5,BGTBoundaryGeocoder,http://www.bgtboundarygeocoder.state.pa.us/BGTBoundaryGeocoder/BGTBoundaryGeocoder.asmx?WSDL,3,Silver
510.0,100,13.9,100,73,100,80,1.0,3,XCShopService,http://www.xcshop.com/services/xcshopservice.asmx?wsdl,2,Gold
142.17,46,6.2,47,73,89,84,10.34,5,Euro42,http://www.ebob42.org/cgi-bin/Euro42.asmx?WSDL,4,Bronze
178.5,72,13.2,72,67,89,85,8.0,5,IPasswordservice,http://www.newcomer.de/WebServices/Password.dll/wsdl/IPassword,3,Silver
424.57,50,1.7,51,73,89,80,328.57,88,ZipCode,http://www.ripedev.com/webservices/ZipCode.asmx?WSDL,3,Silver
1845.5,72,5.0,72,83,89,91,3.5,1,CountryService,http://user.cs.tu-berlin.de/%7Ekarima/org/src/xml/Country.wsdl,3,Silver
635.42,32,0.3,33,33,78,59,370.75,3,SABLEThermRPCService,http://ems.eurostep.fi:8080/SABLE/services/SABLE.DAPI.THERM.RPC?wsdl,4,Bronze
139.5,85,23.2,95,83,89,91,19.0,40,ARTSPDF_Online_Collaboration,http://www.planetpdf.com/soapCollab/comments.asmx?WSDL,1,Platinum
221.11,43,0.7,43,73,89,75,2.55,10,MNOAccessService,http://mobilenavigation.siemensvdo.com/mnp/services/MNOAccess?wsdl,4,Bronze
1146.0,34,1.7,35,67,78,82,1054.64,12,InteropDef,http://www.soapclient.com/interop/sqldatainterop.wsdl,4,Bronze
173.0,86,13.2,95,73,78,84,3.0,7,FindIP,http://www.w3coder.com/ws/email/FindIP.asmx?wsdl,3,Silver
571.0,83,8.4,84,67,89,72,4.0,12,FSCWarrantyClaimManagement_WebServices_TranslationToolService,http://www.mmm-maintenance.com/test/TranslationToolRequest_V1_3_TEST_HTTP.wsdl,3,Silver
320.67,93,10.6,98,73,89,62,136.0,37,IT_x0040_Service_x0020_Webservices,http://www.itatservice.de/itatservice/itatservice5.asmx?WSDL,3,Silver
200.0,87,1.2,96,58,100,75,8.6,32,hmomentService,http://genome.dkfz-heidelberg.de/menu/hobit/embapps/wsdl/hmoment.wsdl,3,Silver
133.67,92,6.9,97,73,78,84,7.67,10,GoogleSearchService,http://www.echo.eos.nasa.gov/documents/wsdl/extended-services/GoogleSearch.wsdl,3,Silver
439.0,86,16.5,95,58,100,80,2.0,5,Compound2,http://www.whitemesa.com/r3/compound2.wsdl,3,Silver
314.5,96,14.1,99,73,100,84,30.0,9,ServiceCategory,http://www.gosu.net/GosuWeb/Common/ServiceCategory.asmx?WSDL,1,Platinum
1614.67,63,3.7,64,73,89,75,5.0,57,GeoCode_Service,http://geocoder.us/dist/eg/clients/GeoCoderPHP.wsdl,4,Bronze
1428.0,99,7.9,98,73,100,84,1274.0,11,RetHeaderService,http://soapclient.com/interop/doclitHeaders.wsdl,3,Silver
192.5,86,8.6,86,73,78,84,3.5,10,geographyRequests,http://comcast.vehix.com/(A(lgihopy1xgEkAAAANjhhZTk5M2YtOTdiZi00NWFmLWJhNzMtZTFhNTcxMmRiOWVk0))/_webservices/geographyRequests.asmx?WSDL,3,Silver
116.5,56,7.0,57,73,100,80,1.75,60,LandmarkService,http://terraserver.homeadvisor.msn.com/LandmarkService.asmx?WSDL,3,Silver
166.6,51,5.8,51,73,78,84,13.4,65,interop,http://soap.fmui.de/interopb.wsdl,3,Silver
946.0,63,4.2,63,73,89,75,100.33,35,IDEC_GeoServeis,http://www.geoportal-idec.com/gestor/webservices/idec_ws.php?wsdl,4,Bronze
1226.67,63,1.9,64,83,89,91,869.0,41,Blast,http://twiki.mygrid.org.uk/twiki/pub/Mygrid/TempWSDL/Blast_search_noparam.wsdl,3,Silver
274.78,85,3.6,86,53,89,66,88.74,3,AnalysisWSAppLabImplService,http://www.ebi.ac.uk/soaplab/emboss4/services/nucleic_profiles.prophet?wsdl,4,Bronze
564.0,83,13.7,84,89,100,93,122.0,8,imageConvert,http://www.bigislandcolor.com/icserver.php?wsdl,1,Platinum
144.31,56,7.4,57,60,67,74,105.5,56,BCHService,http://bch.biodiv.org/Service/2.0/Service.asmx?wsdl,4,Bronze
517.67,63,6.3,63,67,78,82,9.34,11,ItestckvSOAPservice,http://soap.achchex.com/testexec/testckver.tss/wsdl/ItestckvSOAP,4,Bronze
234.0,87,1.1,95,67,100,82,14.0,7,racer,http://sws-challenge.org/shipper/v2/racer.wsdl,3,Silver
116.0,89,12.9,89,67,78,72,1.5,7,WSDLInteropTestRpcEncService,http://www.mssoapinterop.org/asmx/WSDL/WSDLInteropTestRpcEncService.wsdl,3,Silver
191.33,95,1.5,98,73,78,84,0.66,9,ExternalCAP,http://service.aconti.net/externalCAP.asmx?wsdl,3,Silver
194.6,90,1.9,97,58,100,75,5.4,41,bananaService,http://genome.dkfz-heidelberg.de/menu/hobit/embapps/wsdl/banana.wsdl,2,Gold
143.0,99,16.6,100,73,78,84,42.0,94,ICD9Drug,http://www.webservicex.com/icd9drug.asmx?WSDL,1,Platinum
315.4,98,2.0,100,67,100,82,44.6,9,needleService,http://www.ebi.ac.uk/soaplab/emboss4/services/alignment_global.needle.derived?wsdl,2,Gold
187.75,64,8.1,65,73,78,75,63.0,86,Beheer,http://www.icstats.nl/webservices/beheer.asmx?wsdl,3,Silver
157.0,90,11.3,97,60,100,74,61.0,1,DNS,http://ws.strikeiron.com/relauto/iplookup?WSDL,3,Silver
140.8,90,5.6,91,60,89,69,13.4,62,wbs_publicservicesService,http://dsbs.sba.gov/dsbs/ws/wbs_publicservices.cfc?wsdl,3,Silver
393.25,78,7.5,78,67,89,72,62.75,11,FXWSService,http://www.newyorkfed.org/markets/fxrates/WebService/v1_0/FXWS.wsdl,4,Bronze
162.0,100,12.4,100,73,100,80,5.0,7,ServiceOverviewService,http://wortschatz.uni-leipzig.de/axis/services/ServiceOverview?wsdl,2,Gold
225.0,85,22.9,95,73,100,80,109.0,4,PetWebServices,http://www.proposion.com/n2n-petshop/WebService/PetWebServices.asmx?wsdl,2,Gold
1275.25,56,3.0,57,67,89,72,88.75,9,KpiReport,http://www.chiangmaipoc.net/webservice/kpireport.php?wsdl,4,Bronze
100.0,94,36.3,98,73,100,84,1.0,1,HelloWorld,http://www28.brinkster.com/krhtraining/HelloWorld.asmx?wsdl,1,Platinum
337.0,93,4.7,98,67,78,72,27.0,1,PathInfoBPService,http://140.115.51.161:8080/bpelengine/services/PathInfoBP?wsdl,4,Bronze
82.67,93,1.8,98,67,78,77,1.67,34,CPP_SCORING_REQUEST,http://soap.cpp.com/CppSoapRequests/CPPIncomingRequest.asmx?wsdl,3,Silver
96.0,83,21.0,84,73,100,80,3.0,3,Batch_Transfer,http://dev.arl.arizona.edu/batch.wsdl,2,Gold
874.75,56,3.4,57,73,89,75,102.0,34,IDEC_GeoServeis,http://www.geoportal-idec.net/gestor/webservices/idecCoordws.php?wsdl,4,Bronze
205.12,100,12.3,100,67,78,77,0.62,28,wsRegistriCertificati,http://bdrtest.izs.it/WsRegistriCertificatiAut/registricertificati.asmx?WSDL,2,Gold
219.0,97,21.9,99,80,100,87,23.0,5,checkVatService,http://europa.eu.int/comm/taxation_customs/vies/api/checkVatPort?wsdl,1,Platinum
90.0,85,31.1,95,60,89,79,1.0,89,interop2C,http://www.cs.fsu.edu/~engelen/interop2C.wsdl,1,Platinum
112.5,86,15.5,86,73,89,84,65.0,7,FpMLConversion,http://www.handcoded.com/FpMLConversion.asmx?WSDL,2,Gold
311.0,83,15.2,84,60,89,69,7.0,9,remoteQuery,http://www.boeingcapital.com/einvite/hongkong/reports/remotequery.cfc?wsdl,3,Silver
1462.0,83,9.9,84,83,89,91,3.0,8,VocabularyTermsService,http://dcregistry.natlib.govt.nz/axis/services/vocabularyTermsSummary?wsdl,2,Gold
111.0,96,5.4,99,58,89,80,2.75,8,UpdateService,http://www.msdomino.net/orders.nsf/order_update_doc?wsdl,3,Silver
539.0,95,3.6,98,60,100,79,42.0,85,EmailVerification,http://ws.strikeiron.com/emailverify_2_5?WSDL,1,Platinum
218.75,68,2.0,68,60,89,69,80.75,2,tipService,http://www.flash-mx.com/ws/tipoftheday/tip.cfc?wsdl,4,Bronze
896.67,63,4.8,63,83,89,91,505.67,40,Gtop,http://xml.nig.ac.jp/wsdl/Gtop.wsdl,3,Silver
300.48,85,2.9,86,53,89,66,90.57,9,AnalysisWSAppLabImplService,http://www.ebi.ac.uk/soaplab/emboss4/services/nucleic_profiles.prophecy?wsdl,4,Bronze
409.0,87,18.1,96,73,78,84,1.0,10,WSDLInteropTestListService,http://www.mssoapinterop.org/asmx/WSDL/WSDLInteropTestListService.wsdl,2,Gold
831.36,64,2.0,65,80,67,87,95.36,7,getOtherInformation,http://www.precisionreservations.com/PRWebServ/getOtherInformation.asmx?wsdl,4,Bronze
244.0,78,6.9,78,73,89,80,54.25,89,Catalog,http://www.briarpatchbasketry.com/Baskets/Tools/Catalog.asmx?wsdl,1,Platinum
166.63,99,9.6,100,67,100,82,33.55,58,HR-XML_x0020_Validation_x0020__x0028_2006-02_x0020_release_x0029_,http://testbed.hr-xml.org/validate200602.asmx?wsdl,1,Platinum
129.0,13,8.9,14,33,78,59,8.39,95,msd_soap_service,http://www.ebi.ac.uk/msd-srv/docs/api/msd_soap_service.wsdl,4,Bronze
311.8,91,1.8,97,67,100,82,44.6,11,tfscanService,http://www.ebi.ac.uk/soaplab/emboss4/services/nucleic_transcription.tfscan.derived?wsdl,3,Silver
281.39,61,6.1,61,67,78,72,59.06,88,Service1,http://sms.cellcom.co.il/SmsGate/SmsGate.asmx?WSDL,3,Silver
2326.29,64,1.9,64,73,78,80,7.93,7,StartService,http://www.live.com/startservice/startservice.asmx?wsdl,4,Bronze
313.6,92,11.7,97,58,100,75,9.0,39,polydotService,http://genome.dkfz-heidelberg.de/menu/hobit/embapps/wsdl/polydot.wsdl,2,Gold
115.0,86,8.7,86,73,78,84,2.0,5,geographyRequests,http://comcast.vehix.com/_webServices/geographyRequests.asmx?WSDL,3,Silver
119.0,95,31.3,98,73,100,84,18.0,11,ConvertCSharp2VBService,http://www.kamalpatel.net/ConvertCSharp2VBService.asmx?wsdl,1,Platinum
451.0,64,2.3,64,60,100,79,287.33,31,NamespaceManager,http://rep.oio.dk/Infostructurebase/documantation/2004/09/29/namespacemanager.wsdl,4,Bronze
132.67,97,6.9,99,73,78,84,8.34,5,GoogleSearchService,http://angelika-fochler.gmxhome.de/PHP-Google/GoogleSearch.wsdl,3,Silver
206.4,86,15.5,95,58,100,75,5.6,33,polydotService,http://genome.dkfz-heidelberg.de/menu/hobit/embapps/wsdl/polydot.wsdl,2,Gold
114.0,97,15.7,99,73,89,62,50.5,93,UserService,http://www.leadtools.net/Services/UserService/UserService.asmx?WSDL,1,Platinum
247.8,99,6.5,100,73,89,62,1.2,5,Service1,http://visualprog.cz/Database/service1.asmx?wsdl,3,Silver
118.33,91,11.1,97,73,78,84,7.0,3,GoogleSearchService,http://www-inf.int-evry.fr/cours/WebServices/TP_WS/Axis/TP_Google/GoogleSearch.wsdl,3,Silver
155.0,83,21.3,84,80,78,87,5.0,10,SearchCuroCustomerService,http://www.post.ch/EPPWS-web-services/wsdl/EPPWS.wsdl,2,Gold
157.5,94,3.0,98,67,78,72,1.0,42,RestrictedCheckTickets,http://www.micropaiement.com/RestrictedCheckTickets.asmx?wsdl,3,Silver
108.5,86,16.5,86,80,89,87,2.5,89,SQL_x0020_Formatter_x0020_Web_x0020_Service,http://www.gudusoft.com/sqlformatter.asmx?WSDL,1,Platinum
4740.76,93,0.8,98,67,78,82,23.14,7,wsReqSender,http://www.zhd.ru/WEBServices/WSRequests.asmx?WSDL,4,Bronze
176.0,83,15.0,84,73,89,84,18.0,57,NetToolsService,http://www.flash-db.com/services/ws/flashNetTools.wsdl,1,Platinum
348.1,67,2.3,68,73,89,80,74.4,94,Communication,http://zeta-software.de/Uploader/Communication.asmx?wsdl,2,Gold
220.6,90,1.3,96,73,100,84,9.2,37,btwistedService,http://genome.dkfz-heidelberg.de/menu/hobit/embapps/wsdl/btwisted.wsdl,2,Gold
447.4,86,9.4,95,73,100,84,12.6,39,showseqService,http://genome.dkfz-heidelberg.de/menu/hobit/embapps/wsdl/showseq.wsdl,1,Platinum
108.0,86,17.7,86,73,89,84,3.5,8,ProductActivation,http://www.itforsports.com/store/service/ProductActivation.asmx?WSDL,2,Gold
251.4,87,1.5,95,58,100,75,7.4,34,tcodeService,http://genome.dkfz-heidelberg.de/menu/hobit/embapps/wsdl/tcode.wsdl,3,Silver
254.6,98,1.7,99,67,100,82,43.2,5,chipsService,http://www.ebi.ac.uk/soaplab/emboss4/services/nucleic_codon_usage.chips.derived?wsdl,2,Gold
116.75,56,4.9,57,73,89,80,2.0,37,AvvioAPI,http://www.avvio.com/xml/apiv1.wsdl,3,Silver
319.3,85,0.4,85,53,89,66,128.13,9,AnalysisWSAppLabImplService,http://www.ebi.ac.uk/soaplab/emboss4/services/display.sixpack?wsdl,4,Bronze
2511.0,98,6.0,100,73,78,84,29.0,42,RSStoHTML,http://www.webservicex.net/RssToHTML.asmx?WSDL,3,Silver
302.33,53,6.0,54,67,89,72,12.03,12,GraypotService,http://graypot.dyndns.ws/axis/services/GraypotService?wsdl,4,Bronze
205.8,90,1.3,97,58,100,75,8.4,32,chargeService,http://genome.dkfz-heidelberg.de/menu/hobit/embapps/wsdl/charge.wsdl,3,Silver
42.64,64,6.1,64,67,89,72,1.78,39,OD_CB,http://www.multispeak.org/interface/30j/25_OD_CB.asmx?WSDL,4,Bronze
315.0,83,15.2,84,83,89,91,36.0,38,getgeoobjects,http://pear.fitamball.net/hellowsdl2.php?wsdl,1,Platinum
138.5,86,21.4,86,73,89,84,2.0,94,Utility,http://montgomerysoftware.com/webservice/utility.asmx?wsdl,1,Platinum
1479.78,65,2.8,65,73,89,80,44.0,87,ArticleArchive,http://www.basicpro.de/xmlwebservices/articlearchive.asmx?wsdl,3,Silver
226.6,95,15.5,98,73,100,84,6.6,42,diffseqService,http://genome.dkfz-heidelberg.de/menu/hobit/embapps/wsdl/diffseq.wsdl,1,Platinum
328.0,94,12.3,98,73,100,84,10.6,33,listorService,http://genome.dkfz-heidelberg.de/menu/hobit/embapps/wsdl/listor.wsdl,1,Platinum
79.0,83,32.0,84,78,89,89,3.0,67,FaxService,http://oneoutbox.com/wsdl/FaxService.wsdl,1,Platinum
512.88,99,6.8,100,67,100,77,17.88,60,TerraService,http://terraserverusa.com/TerraService2.asmx?WSDL,1,Platinum
140.64,94,13.1,94,73,78,62,54.28,2,SkyNodeWS,http://skyservice.pha.jhu.edu/SkyNode/PSCz/SkyNodeWS.asmx?WSDL,3,Silver
161.69,87,12.4,95,60,100,74,14.77,94,WSCore,http://palehorse.altaircom.net/WS/WSCore.asmx?wsdl,1,Platinum
753.0,72,7.7,72,73,78,84,1.5,67,SOAP_AldiaService,http://webservices.sld.cu/aldia.wsdl,3,Silver
214.67,63,12.5,63,73,78,84,25.67,12,wsaTestService,"http://fisheye5.cenqua.com/viewrep/~raw,r=1.3/jax-wsa-sources/jaxwsa-ri/test/src/w3c/s12/etc/wsaTestService.wsdl",4,Bronze
124.38,87,15.8,95,73,78,84,0.88,91,SmartPayments,http://www.tpisoft.com/smartpayments/transact.asmx?WSDL,1,Platinum
456.79,85,6.8,95,60,78,69,137.37,41,XigniteEdgar,http://www.xignite.com/xedgar.asmx?WSDL,3,Silver
504.6,100,1.9,100,73,100,84,3.0,40,tfmService,http://genome.dkfz-heidelberg.de/menu/hobit/embapps/wsdl/tfm.wsdl,1,Platinum
114.25,92,8.2,97,80,89,83,2.5,7,WSDLInteropTestDocLitService,http://mssoapinterop.org/stkv3/wsdl/interopTestDocLitParameters.wsdl,2,Gold
132.17,93,4.8,98,67,100,82,3.17,86,XWebSurvey,http://ws.xwebservices.com/XWebSurvey/XWebSurvey.asmx?wsdl,1,Platinum
165.0,100,4.5,100,73,78,80,17.8,1,eUtilsService,http://www.ncbi.nlm.nih.gov/entrez/eutils/soap/v1.0/eutils.wsdl,3,Silver
642.5,72,5.4,72,67,89,72,25.0,41,ndfdXML,http://weather.gov/forecasts/xml/SOAP_server/ndfdXMLserver.php?wsdl,4,Bronze
109.75,70,11.4,70,73,78,80,61.25,96,ImgCutout,http://casjobs.sdss.org/ImgCutoutDR4/ImgCutout.asmx?WSDL,2,Gold
322.0,89,23.2,96,73,100,80,22.0,7,DownloadService,http://www.samsung.com/es/support/WcmsService/DownloadService.asmx?WSDL,1,Platinum
329.43,86,1.2,86,53,89,66,101.17,4,AnalysisWSAppLabImplService,http://www.ebi.ac.uk/soaplab/emboss4/services/nucleic_rna_folding.vrnafoldpf?wsdl,4,Bronze
314.0,63,5.4,63,73,89,75,11.67,34,SkyBoT,http://www.imcce.fr/webservices/skybot/skybot.php?wsdl,4,Bronze
448.0,83,13.8,84,73,100,75,4.0,62,SMART,http://smart.embl.de/webservice/SMART_webservice.wsdl,1,Platinum
284.13,84,3.3,85,53,89,66,72.35,4,AnalysisWSAppLabImplService,http://www.ebi.ac.uk/soaplab/emboss4/services/protein_composition.pepwindow?wsdl,4,Bronze
242.4,89,1.1,96,73,100,84,7.6,34,prophetService,http://genome.dkfz-heidelberg.de/menu/hobit/embapps/wsdl/prophet.wsdl,2,Gold
247.4,92,0.9,97,67,100,82,42.6,11,fuzztranService,http://www.ebi.ac.uk/soaplab/emboss4/services/nucleic_motifs.fuzztran.derived?wsdl,3,Silver
573.81,11,3.5,12,67,78,72,36.72,11,GForgeAPI,http://www.gforge.org/soap/index.php?wsdl,4,Bronze
240.6,86,1.2,95,73,100,84,11.0,37,recoderService,http://genome.dkfz-heidelberg.de/menu/hobit/embapps/wsdl/recoder.wsdl,2,Gold
50.0,72,13.3,72,73,78,84,4.0,7,XarayaSoap,http://www.aber.com.mk/modules/soapserver/xaraya.wsdl,3,Silver
330.5,65,7.8,66,73,67,84,13.33,3,w_invoicereceipt,http://www.invoice4u.co.il/Public/w_invoicereceipt.asmx?wsdl,4,Bronze
139.5,46,6.2,46,73,89,84,8.0,66,Euro42,http://www.ebob42.com/cgi-bin/eBob42.asmx?wsdl,3,Silver
285.0,85,4.2,95,73,78,84,96.0,38,GlobalWeather,http://www.webservicex.com/globalweather.asmx?WSDL,2,Gold
181.12,95,11.3,99,53,100,71,37.41,89,RealTimeStockQuotes,http://ws.strikeiron.com/RealTimeStockQuotes?WSDL,1,Platinum
195.0,89,0.8,96,73,100,84,6.4,42,seqretsplitService,http://genome.dkfz-heidelberg.de/menu/hobit/embapps/wsdl/seqretsplit.wsdl,2,Gold
110.67,98,1.6,99,73,89,80,45.89,37,OFACService,http://www.lyonsreg.com/webservices/ofac/OFACService.asmx?wsdl,2,Gold
207.2,85,1.1,95,73,100,84,7.0,36,btwistedService,http://genome.dkfz-heidelberg.de/menu/hobit/embapps/wsdl/btwisted.wsdl,2,Gold
152.07,95,12.8,99,53,100,66,33.14,32,EdgarInformation,http://ws.strikeiron.com/EdgarInformation?WSDL,3,Silver
57.0,86,40.1,95,73,100,84,1.0,10,RegisterResearchServices,http://www.oclc.org/research/projects/termservices/OfficeServices/RegisterResearchServices.asmx?wsdl,1,Platinum
932.0,67,3.9,68,73,78,87,5.75,10,SumibiConvertService,http://www.sumibi.org/sumibi/Sumibi_testing.wsdl,4,Bronze
276.0,99,14.5,100,80,89,65,70.0,37,IT_x0040_Service_x0020_Webservices,http://www.itatservice.de/itatservice/itatservice3.asmx?wsdl,2,Gold
242.67,99,9.6,100,73,100,80,45.0,5,YourHost,http://www.esynaps.com/webservices/YourHostInfo.asmx?WSDL,2,Gold
2629.33,88,0.8,89,78,89,89,817.0,3,BulportWeatherService,http://services.bulport.com/weather/weather.wsdl,4,Bronze
283.0,87,21.1,95,60,78,69,30.0,11,etrayService,http://www.beblo.com//etray.cfc?wsdl,3,Silver
448.67,65,1.1,66,73,100,80,127.34,64,PlaceFinderSample,http://arcweb.esri.com/services/v2006/PlaceFinderSample.wsdl,3,Silver
100.0,99,19.8,100,73,100,84,30.5,2,WHOIS,http://www.unpicked.com/webservices/whois/whois.asmx?wsdl,1,Platinum
117.58,66,4.2,66,73,89,80,2.5,9,DataTypes,http://ja.gotdotnet.com/quickstart/aspplus/samples/services/DataTypes/VB/DataTypes.asmx?WSDL,4,Bronze
131.75,90,8.7,96,73,100,84,1.5,12,Service1,http://www.bluturtles.fr/ws/wsbt/wscommunes.asmx?wsdl,2,Gold
245.6,99,1.6,100,50,100,72,40.8,6,tmapService,http://www.ebi.ac.uk/soaplab/emboss4/services/protein_2d_structure.tmap.derived?wsdl,3,Silver
146.0,93,5.9,98,67,78,72,24.0,3,GetBestMapDefinitionService,http://www.viamichelin.com/ws/services/GetBestMapDefinition?wsdl,3,Silver
2938.5,72,2.9,72,73,78,84,344.5,38,GetCustomNews,http://xmlme.com/WSCustNews.asmx?WSDL,4,Bronze
106.0,86,17.6,95,73,78,62,18.91,2,SkyNodeWS,http://skyservice.pha.jhu.edu/SkyNode/TwodF/SkyNodeWS.asmx?WSDL,3,Silver
221.8,99,15.6,100,58,100,75,5.4,40,cpgplotService,http://genome.dkfz-heidelberg.de/menu/hobit/embapps/wsdl/cpgplot.wsdl,2,Gold
216.54,87,9.9,95,67,78,82,33.69,86,Roll_x0020_Generator_x0020_Web_x0020_Service.,http://gmh.xocomp.net/ws/rollgenerator/rollgenerator.asmx?wsdl,1,Platinum
328.5,46,4.1,47,73,78,84,14.0,11,WhiteMesaSoap12AddTestSvc,http://www.whitemesa.net/wsdl/soap12-add-test-rpc.wsdl,4,Bronze
194.0,72,14.1,72,83,89,91,6.5,11,KontoCheckService,http://www.willamowius.com/KontoCheck.wsdl,2,Gold
127.2,94,20.3,98,73,78,84,15.8,3,SendCustomForm,http://www.viphousesearch.com/Apps/WebService/SendCustomForm.asmx?WSDL,2,Gold
134.5,72,15.9,72,78,89,89,11.0,11,ITempConverterservice,http://developerdays.com/cgi-bin/tempconverter.exe/wsdl/ITempConverter?WSDL,2,Gold
171.0,83,20.1,84,83,89,91,3.0,57,LittServiceService,http://developer.statsbiblioteket.dk/netbibservices/services/LittService?wsdl,1,Platinum
284.95,61,5.2,61,60,78,69,101.19,86,Order,http://xgatetest.thevisp.co.uk/Webservice/Services/Order.asmx?wsdl,4,Bronze
300.61,85,4.8,86,53,89,66,105.78,10,AnalysisWSAppLabImplService,http://www.ebi.ac.uk/soaplab/emboss4/services/protein_motifs.fuzzpro?wsdl,4,Bronze
227.4,89,1.1,96,73,100,84,7.6,32,palindromeService,http://genome.dkfz-heidelberg.de/menu/hobit/embapps/wsdl/palindrome.wsdl,2,Gold
231.8,87,1.1,95,73,100,84,9.2,36,cpgreportService,http://genome.dkfz-heidelberg.de/menu/hobit/embapps/wsdl/cpgreport.wsdl,2,Gold
206.25,87,6.1,95,60,89,69,96.25,9,JobSequencerService,http://cuero.tacc.utexas.edu:8080/gridport/services/GridPortSequencer?wsdl,4,Bronze
774.25,56,5.2,56,80,100,78,6.75,91,Calculator,http://www.inf.bme.hu/~dobe/gsoap/Calculator.wsdl,2,Gold
1138.33,88,4.7,88,73,100,80,402.33,11,FindBlankWS,http://blank.bisc.by/blank/WEB.WebServ.CLS?WSDL=1,3,Silver
155.0,72,15.0,72,89,78,95,3.0,2,marketService,http://www.pjm.com/etools/downloads/emkt/pjm_emkt.wsdl,2,Gold
2204.38,66,0.7,66,73,78,84,2050.13,36,Research,http://office.microsoft.com/research/query.asmx?wsdl,4,Bronze
251.5,78,8.5,78,73,78,84,161.75,36,LoginService,http://www.processclaims.com/Service/LoginService.asmx?wsdl,3,Silver
119.2,90,3.6,91,73,78,84,29.0,57,interop2B,http://websrv.cs.fsu.edu/~engelen/interop2B_2.wsdl,2,Gold
113.25,88,1.7,96,53,78,66,43.25,41,MorphingLabs,http://www.eherenow.net/engine/transformhere.asmx?wsdl,4,Bronze
157.5,86,16.4,86,73,89,84,1.5,32,TimeService,http://dotnet.jku.at/buch/samples/7/simple/TimeService1.asmx?WSDL,2,Gold
119.0,72,10.6,72,80,89,83,15.0,67,FileTransferService,http://lqcd.jlab.org/wsdl/rft-glue.wsdl,2,Gold
130.0,94,15.5,98,73,78,80,1.2,91,DOTSFraudProtection,http://trial.serviceobjects.com/fp/FraudProtection.asmx?WSDL,1,Platinum
507.0,89,2.2,96,73,100,84,42.8,5,fdiscbootService,http://www.ebi.ac.uk/soaplab/emboss4/services/phylogeny_molecular_sequence.fdiscboot.derived?wsdl,2,Gold
408.21,56,5.0,58,73,78,80,121.46,89,Settings,http://www.obcom.cl/WebServices/Settings.asmx?wsdl,3,Silver
349.22,36,6.8,37,73,78,83,4.11,3,Dispenser,http://www.blackstoneonline.com/webservices/dispenser.xml,4,Bronze
262.5,92,6.9,97,60,100,74,83.5,5,DNS,http://ws.strikeiron.com/relauto/iplookup/DNS?wsdl,3,Silver
672.2,91,7.9,97,73,100,84,9.2,36,infoalignService,http://genome.dkfz-heidelberg.de/menu/hobit/embapps/wsdl/infoalign.wsdl,1,Platinum
75.22,93,18.2,98,67,78,72,21.55,25,search,http://voservices.net/spectrum/ws_v2_5/search.asmx?wsdl,2,Gold
459.14,99,7.2,97,67,78,72,10.85,92,STK_SensorCollectionWebService,http://wms.stk.com/SatAccessService1/Service1.asmx?WSDL,1,Platinum
257.0,91,8.2,91,60,100,74,117.5,11,GlobalAddressVerification,http://ws.strikeiron.com/GlobalAddressVerification3?WSDL,3,Silver
2141.67,88,3.7,96,73,100,84,1815.34,2,MatchService,http://match.golfonlife.com/MatchService.asmx?WSDL,4,Bronze
371.45,19,1.1,20,42,78,72,61.07,7,PayPalAPIInterfaceService,http://www.sandbox.paypal.com/wsdl/PayPalSvc.wsdl,4,Bronze
236.3,90,4.5,90,53,89,66,56.97,5,utils_database_indexing__dbigcgService,http://www.ebi.ac.uk/soaplab/services/utils_database_indexing.dbigcg.derived?wsdl,4,Bronze
82.25,99,22.7,100,73,78,80,6.75,95,SdssFields,http://skyserver.sdss.org/vo/dr2fields/sdssFields.asmx?wsdl,1,Platinum
151.0,92,12.2,97,73,100,80,4.5,11,CooccurrencesAllService,http://wortschatz.uni-leipzig.de/axis/services/CooccurrencesAll?wsdl,2,Gold
211.4,100,14.7,100,73,100,84,7.8,37,checktransService,http://genome.dkfz-heidelberg.de/menu/hobit/embapps/wsdl/checktrans.wsdl,1,Platinum
69.71,91,22.6,97,67,89,58,15.47,92,FileService,http://www.leadtools.net/Services/FileService/FileService.asmx?wsdl,1,Platinum
149.46,93,10.7,98,67,100,77,6.43,11,EcMSoapBridgeService,http://webservices.ecircle-ag.com/rpc?wsdl,2,Gold
427.65,86,1.4,86,53,89,66,120.48,3,AnalysisWSAppLabImplService,http://www.ebi.ac.uk/soaplab/emboss4/services/phylogeny_molecular_sequence.fdiscboot?wsdl,4,Bronze
631.0,83,15.0,84,58,100,80,292.0,8,TrWSEm,http://www.hacienda.go.cr/ticatest/consultas/atrwsem.aspx?wsdl,3,Silver
201.5,99,1.0,100,73,78,84,46.0,32,periodictable,http://www.webservicex.com/periodictable.asmx?wsdl,2,Gold
308.0,93,12.9,98,78,78,89,1.0,11,logon,http://www.afmadata.com.au/websvc/logon.wsdl,2,Gold
393.35,86,1.2,86,53,89,66,123.13,7,AnalysisWSAppLabImplService,http://www.ebi.ac.uk/soaplab/emboss4/services/nucleic_rna_folding.vrnaalifoldpf?wsdl,4,Bronze
103.0,94,36.6,98,80,100,87,1.0,8,InteropTestExtensibilityRequired,http://www.mssoapinterop.org/asmx/WSDL/InteropTestExtensibilityRequired.wsdl,1,Platinum
197.0,95,0.8,98,58,100,75,6.0,35,tcodeService,http://genome.dkfz-heidelberg.de/menu/hobit/embapps/wsdl/tcode.wsdl,3,Silver
266.4,95,1.0,99,73,100,84,8.4,34,newcpgreportService,http://genome.dkfz-heidelberg.de/menu/hobit/embapps/wsdl/newcpgreport.wsdl,2,Gold
65.0,86,18.0,86,73,89,84,4.5,91,HWService,http://www.deeptraining.com/webservices/helloworld.asmx?wsdl,1,Platinum
212.5,100,13.0,100,78,78,91,6.0,6,PegsTourService,http://www.mail-archive.com/axis-c-user@ws.apache.org/msg01087/durchstich.wsdl,2,Gold
266.87,85,4.0,85,53,89,66,54.0,9,AnalysisWSAppLabImplService,http://www.ebi.ac.uk/soaplab/emboss4/services/protein_2d_structure.garnier?wsdl,4,Bronze
162.8,51,4.3,51,58,78,75,6.8,93,executor,http://grid.tsl.uu.se/software/super-exec/xml/executor.wsdl,4,Bronze
446.0,98,6.7,98,60,78,74,22.87,90,XigniteFunds,http://www.xignite.com/xFunds.asmx?WSDL,2,Gold
90.0,83,21.8,84,78,89,89,3.0,59,FaxService,http://www.oneoutbox.com/wsdl/FaxService.wsdl,1,Platinum
198.8,99,1.1,100,73,100,84,8.0,37,newseqService,http://genome.dkfz-heidelberg.de/menu/hobit/embapps/wsdl/newseq.wsdl,1,Platinum
211.75,59,1.1,60,67,78,72,6.0,33,HBObauprodukte,http://www.heinzebauoffice.de/bauprodukte/soap.server.php?wsdl,4,Bronze
65.4,92,6.8,92,67,100,77,8.25,3,AWSECommerceService,http://webservices.amazon.co.uk/AWSECommerceService/AWSECommerceService.wsdl,3,Silver
256.43,90,7.1,97,67,100,82,20.52,41,PersonalizationService,http://tms.kaurisystems.net/PersonalizationService_720/PersonalizationService.asmx?wsdl,2,Gold
103.4,85,18.8,95,73,78,80,0.4,87,DOTSFastTax,http://trial.serviceobjects.com/ft/FastTax.asmx?wsdl,1,Platinum
265.19,98,9.7,100,67,100,77,14.25,57,TerraService,http://terraservice.net/TerraService2.asmx?WSDL,1,Platinum
254.6,96,2.4,99,73,100,84,37.6,9,cathparseService,http://www.ebi.ac.uk/soaplab/emboss4/services/utils_database_creation.cathparse.derived?wsdl,2,Gold
269.0,96,21.5,99,58,89,75,10.0,10,LOTTO_UK_NumberChecker,http://www.4duk.net/4dwsdl/doc,2,Gold
409.67,99,10.9,100,73,89,62,126.34,36,IT_x0040_Service_x0020_Webservices,http://www.itatservice.de/itatservice/itatservice6.asmx?wsdl,2,Gold
336.0,88,2.3,89,73,78,62,236.0,91,SHUAAIndices,http://www.shuaacapital.com/webservices/shuaaindices.asmx?wsdl,3,Silver
176.33,92,6.5,97,83,89,91,119.83,7,EbiService,http://staff.vbi.vt.edu/pathport/services/wsdls/ebi.wsdl,2,Gold
184.0,96,12.3,99,73,100,80,5.5,11,RightNeighboursService,http://wortschatz.uni-leipzig.de/axis/services/RightNeighbours?wsdl,2,Gold
383.2,98,2.1,100,73,100,84,6.2,39,redataService,http://genome.dkfz-heidelberg.de/menu/hobit/embapps/wsdl/redata.wsdl,1,Platinum
170.0,87,7.2,95,73,78,80,29.6,3,SoapTest,http://mssoapinterop.org/stkV3/InteropBLoggedTyped.wsdl,3,Silver
132.73,86,14.3,95,73,78,62,34.91,11,SkyNodeWS,http://skyservice.pha.jhu.edu/SkyNode/FIRST/SkyNodeWS.asmx?WSDL,3,Silver
227.0,88,21.2,96,73,100,84,23.0,34,SendWM2Mail,http://wm2mail.wmtransfer.com/ws/SendWM2Mail.asmx?wsdl,1,Platinum
132.18,13,9.0,14,33,78,59,6.57,96,msd_soap_service,http://www.ebi.ac.uk/msd-srv/docs/api/msd_soap_service.wsdl,4,Bronze
1668.0,63,3.9,64,67,78,82,239.33,6,ItestckvSOAPservice,http://tstsvr.achworks.com/testexec/testckver.tss/wsdl/ItestckvSOAP,4,Bronze
91.0,85,28.0,95,60,89,79,1.0,90,interop2C,http://websrv.cs.fsu.edu/~engelen/interop2C_2.wsdl,1,Platinum
116.28,54,8.8,54,60,89,74,9.71,60,Round4XSDTest,http://www.mssoapinterop.org/asmx/xsd/round4XSD.wsdl,4,Bronze
489.2,67,5.1,68,73,78,80,117.2,90,TimeZones,http://markitup.com/WebServices/TimeZones.asmx?wsdl,3,Silver
79.12,70,5.3,70,73,89,84,2.87,7,MathService,http://brwcse.fau.edu/csclub/MathWebService/MathService.asmx?wsdl,3,Silver
345.0,95,2.9,98,73,100,84,48.6,3,embossversionService,http://www.ebi.ac.uk/soaplab/emboss4/services/utils_misc.embossversion.derived?wsdl,2,Gold
238.09,71,6.4,71,53,89,66,73.74,5,AnalysisWSGowlabImplService,http://www.ebi.ac.uk/soaplab/wsdl/gowlab__echo.wsdl,4,Bronze
234.4,98,2.7,100,67,100,82,26.6,4,newcpgreportService,http://www.ebi.ac.uk/soaplab/emboss4/services/nucleic_cpg_islands.newcpgreport.derived?wsdl,2,Gold
243.0,93,13.7,98,58,100,75,9.0,35,dottupService,http://genome.dkfz-heidelberg.de/menu/hobit/embapps/wsdl/dottup.wsdl,2,Gold
1529.0,72,5.3,72,83,89,91,6.0,8,CountryService,http://user.cs.tu-berlin.de/~karima/org/src/xml/Country.wsdl,3,Silver
293.5,70,2.5,70,73,89,80,13.5,95,SendContentServiceNoHeader,http://www.esendex.com/secure/messenger/soap/SendContentServiceNoHeader.asmx?wsdl,2,Gold
98.67,91,18.6,97,67,78,77,0.67,92,XigniteTools,http://www.xignite.com/xTools.asmx?wsdl,1,Platinum
175.0,86,9.4,86,73,78,84,3.0,8,geographyRequests,http://comcast.vehix.com/(A(1WARoJy1xgEkAAAAZjFkZWJkMGItNjViYi00MDY3LTlmNjctNWMwYjc1YWI3ZmFj0))/_webServices/geographyRequests.asmx?WSDL,3,Silver
208.0,92,1.1,97,73,100,84,9.2,39,cutseqService,http://genome.dkfz-heidelberg.de/menu/hobit/embapps/wsdl/cutseq.wsdl,2,Gold
302.3,85,3.4,85,53,89,66,115.43,7,AnalysisWSAppLabImplService,http://www.ebi.ac.uk/soaplab/emboss4/services/nucleic_codon_usage.syco?wsdl,4,Bronze
302.75,89,7.1,90,73,78,80,187.75,32,MAPPMatching,http://xml.assessment.com/service/MAPPMatching.asmx?wsdl,3,Silver
782.0,100,16.0,100,80,100,87,2.0,11,updater,http://stlbloggers.com/mojira/pinger/ping.asmx?WSDL,1,Platinum
120.0,85,34.4,95,83,89,91,1.0,12,EmptySA,http://mssoapinterop.org/stk/wsdl/EmptySA.wsdl,1,Platinum
399.6,52,1.5,53,67,89,72,227.8,82,Utility,http://arcweb.esri.com/services/v2/Utility.wsdl,4,Bronze
58.0,95,16.0,98,73,78,80,1.0,5,search,http://www.db3nf.com/counter/search.asmx?WSDL,2,Gold
68.83,100,21.4,100,73,100,80,7.33,92,Image_x0020_Search,http://webservices.indexstock.com/ImageSearch/2003/07/15/imagesearch.asmx?wsdl,1,Platinum
283.0,83,20.3,84,73,89,75,13.0,4,Departements,http://tic01.tic.ec-lyon.fr/xmlraw/~muller/cours/websrv/be/Departements.wsdl,3,Silver
239.6,92,12.2,97,73,100,75,16.0,4,ServicioOnix,http://www.librosar.com.ar/portal/servicioonix.asmx?WSDL,2,Gold
225.2,100,14.0,100,73,100,84,10.4,35,checktransService,http://genome.dkfz-heidelberg.de/menu/hobit/embapps/wsdl/checktrans.wsdl,1,Platinum
108.67,88,5.2,88,73,89,75,19.67,9,searchService,http://astro.ncsa.uiuc.edu/catalogs/services/search.jws;jsessionid=E462F14368838CFFEF111F7FA60BE099?wsdl,3,Silver
253.83,13,7.0,13,67,89,84,5.92,64,OnlineMessenger,http://www.myoms.net/soap/oms2_simple.wsdl,4,Bronze
1296.0,86,6.9,86,73,78,80,1.0,5,Phonebook,http://www.barnaland.is/dev/phonebook.asmx?WSDL,4,Bronze
274.8,92,1.6,97,67,100,82,44.8,5,fdnainvarService,http://www.ebi.ac.uk/soaplab/emboss4/services/phylogeny_molecular_sequence.fdnainvar.derived?wsdl,3,Silver
204.4,92,1.9,97,73,100,84,6.2,40,unionService,http://genome.dkfz-heidelberg.de/menu/hobit/embapps/wsdl/union.wsdl,1,Platinum
233.5,68,3.2,68,73,89,75,4.0,61,CheckAuthorizationService,http://test.achex.com/ws/Authorization.wsdl,3,Silver
319.25,89,2.6,96,73,100,80,99.5,10,AirlineService,http://www.pathfinder-xml.com/development/WSDL/AirlineService.wsdl,2,Gold
1410.0,83,10.6,84,83,89,91,5.0,11,LanguagesService,http://dcregistry.natlib.govt.nz/axis/services/languagesSummary?wsdl,2,Gold
374.0,88,10.4,96,67,78,77,0.67,95,XigniteGE,http://www.xignite.com/xGE.asmx?wsdl,1,Platinum
133.21,55,8.0,56,60,67,79,10.42,88,ws,http://www.selfsurveys.com/ws.asmx?wsdl,4,Bronze
291.25,92,3.0,97,60,67,74,16.25,5,XmppService,http://agents.startcorp.com/As/XmppService.asmx?wsdl,4,Bronze
165.0,83,9.7,84,73,89,75,23.0,2,showmyip_lookup,http://www.showmyip.com/soap/lookupserver.php?wsdl,3,Silver
182.0,92,15.7,97,67,78,72,54.0,11,PixelsToXYService,http://www.viamichelin.com/ws/services/PixelsToXY?wsdl,3,Silver
100.14,92,3.2,97,80,100,87,7.71,10,pinger,http://mojira.net/pinger.asmx?wsdl,2,Gold
111.0,98,0.8,100,67,100,77,27.0,93,SushiwsPort,http://partnerportal.ebsco.com/ws/sushi/service.asmx?wsdl,1,Platinum
689.42,34,1.1,34,67,89,72,236.75,87,Report,http://arcweb.esri.com/services/v2/Report.wsdl,4,Bronze
275.0,72,11.8,72,83,89,91,9.0,11,EHCIntegrationService,http://new.ehealthcompete.com/webservices/eis-rpcenc.wsdl,2,Gold
125.88,69,10.5,70,73,78,80,66.88,89,ImgCutout,http://casjobs.sdss.org/ImgCutoutDR3/ImgCutout.asmx?wsdl,2,Gold
149.67,89,1.1,96,73,78,80,13.0,8,Tax,http://contest.comteach.ch/tax.asmx?wsdl,3,Silver
164.0,86,3.4,95,73,78,84,54.5,96,AustralianPostCode,http://www.webservicex.com/AustralianPostCode.asmx?WSDL,1,Platinum
215.2,56,1.0,57,60,78,79,9.2,11,ILohn2004service,http://newcomer.de/webservices/lohn.dll/wsdl/ilohn2004,4,Bronze
284.57,43,3.3,44,73,89,75,11.86,3,WDDataService,http://serwis.sgh.waw.pl/test/employeeservice.php?wsdl,4,Bronze
167.5,86,16.1,86,73,78,84,2.0,91,CalcService,http://www.mathertel.de/AjaxEngine/S01_AsyncSamples/CalcService.asmx?wsdl,1,Platinum
250.74,86,7.0,86,53,89,66,60.04,2,AnalysisWSAppLabImplService,http://www.ebi.ac.uk/soaplab/emboss4/services/hmm.ehmmfetch?wsdl,4,Bronze
93.3,60,13.4,61,73,67,84,31.4,88,DemographixQuery,http://ws.cdyne.com/DemographixWS/DemographixQuery.asmx?wsdl,2,Gold
123.64,93,14.6,98,67,100,82,1.19,87,XWebCheckOut,http://ws.xwebservices.com/XWebCheckOut/XWebCheckOut.asmx?wsdl,1,Platinum
98.09,87,17.2,96,67,100,82,21.54,28,Phone,http://ws.acrosscommunications.com/Phone.asmx?wsdl,1,Platinum
150.91,86,13.5,95,67,78,77,4.18,9,Main,http://212.177.98.35/swapping/default.asmx?WSDL,3,Silver
324.8,86,12.4,95,73,100,84,9.6,41,restoverService,http://genome.dkfz-heidelberg.de/menu/hobit/embapps/wsdl/restover.wsdl,1,Platinum
107.0,91,36.9,97,83,89,91,3.0,12,EmptySA,http://mssoapinterop.org/stkv3/wsdl/emptysa.wsdl,1,Platinum
205.31,56,7.1,57,67,78,77,90.07,93,EPADWebServices,http://webservices.dicecorp.com/epadinterface/epad.asmx?wsdl,3,Silver
209.4,98,1.4,100,73,100,84,10.0,41,marscanService,http://genome.dkfz-heidelberg.de/menu/hobit/embapps/wsdl/marscan.wsdl,1,Platinum
206.0,89,1.4,96,58,100,75,10.0,40,chaosService,http://genome.dkfz-heidelberg.de/menu/hobit/embapps/wsdl/chaos.wsdl,3,Silver
136.38,70,4.8,70,73,89,84,5.88,4,MathService,http://chs.gotdotnet.com/quickstart/aspplus/samples/services/MathService/CS/MathService.asmx?WSDL,3,Silver
193.0,83,26.2,84,80,100,83,3.0,4,RSSValidator,http://feedvalidator.org/RSSValidator.wsdl,1,Platinum
180.0,87,12.1,95,73,78,80,55.25,8,WSDLInteropTestDocLitService,http://www.mssoapinterop.org/asmx/WSDL/WSDLInteropTestDocLitService.wsdl,3,Silver
223.5,86,15.7,95,73,100,84,37.5,6,Tools,http://www.whatdoing.com/WebTools/Tools.asmx?wsdl,2,Gold
464.0,67,2.2,67,80,89,83,38.42,8,Service,http://macrowebservices.com/clients/sdg/ws/service.asmx?WSDL&v=7,4,Bronze
259.0,97,1.2,99,58,100,75,7.2,32,freakService,http://genome.dkfz-heidelberg.de/menu/hobit/embapps/wsdl/freak.wsdl,3,Silver
180.36,85,10.8,95,73,100,75,13.0,4,productPortalWS,http://ce.vtt.fi/eprocon_client/BC.wsdl,2,Gold
225.8,97,3.4,99,73,100,84,45.4,6,acdcService,http://www.ebi.ac.uk/soaplab/emboss4/services/acd.acdc.derived?wsdl,2,Gold
43.0,47,3.6,47,80,100,83,5.17,95,MessengerServiceAPI,http://johndunning.com/yahoo/messengerapi.wsdl,2,Gold
189.5,72,14.9,72,83,89,91,7.5,56,RecommendationService,http://www.statsbiblioteket.dk/netbibservices/services/RecomLike?wsdl,1,Platinum
203.5,86,16.2,95,58,100,69,0.5,59,EnumFetchService,http://ramius.communityzero.com/ws/api/Enum.wsdl,2,Gold
571.75,46,4.6,47,73,89,75,101.0,11,DpsService,http://www.medinfo.kz/jaxrpc-dps/dps?WSDL,4,Bronze
219.0,99,16.4,99,80,100,83,1.0,2,notification,http://covarm.tvu.ac.uk/notification/wsdl/notificationSOAP.wsdl,1,Platinum
107.45,97,13.3,99,73,78,80,1.36,94,DOTSGeoCoder,http://ws2.serviceobjects.net/gcr/GeoCoder.asmx?WSDL,1,Platinum
61.5,72,16.1,72,73,67,84,6.0,86,Remember_x0020_God,http://www.remembergod.us/webservice/remembergod.wsdl,2,Gold
1069.5,71,3.0,72,83,89,91,744.0,36,Mapping,http://xml.nig.ac.jp/wsdl/Mapping.wsdl,3,Silver
315.0,100,1.0,100,67,100,82,39.6,6,vrnaevalService,http://www.ebi.ac.uk/soaplab/emboss4/services/nucleic_rna_folding.vrnaeval.derived?wsdl,2,Gold
182.57,43,5.3,43,83,89,91,9.28,9,OrbitService,http://www.toolxite.dk/wsdl/orbit_service.wsdl,4,Bronze
144.0,83,25.3,84,83,89,91,4.0,10,VersionService,http://genex.hgu.mrc.ac.uk/axis/services/Version?wsdl,1,Platinum
234.8,95,1.3,98,67,100,82,33.8,10,patmatdbService,http://www.ebi.ac.uk/soaplab/emboss4/services/protein_motifs.patmatdb.derived?wsdl,2,Gold
1859.64,96,2.6,99,60,78,79,16.07,94,Service,http://www.ejse.com/WeatherService/Service.asmx?wsdl,2,Gold
91.5,86,17.2,86,73,89,84,5.0,88,Service,http://www.valil.com/ChessWebService/Service.asmx?wsdl,1,Platinum
86.27,55,12.0,55,60,78,69,45.25,91,PhoneNotify,http://ws.cdyne.com/notifyws/phonenotify.asmx?wsdl,3,Silver
168.0,26,7.7,26,53,100,66,16.0,33,ReviewRequestManager,http://isb.oio.dk/oioservice/service/public/2/reviewrequestmanager.asmx?wsdl,4,Bronze
206.4,60,6.7,61,78,89,89,7.6,1,ITicTacToeservice,http://www.ebob42.com/cgi-bin/TicTacToe.exe/wsdl/ITicTacToe,3,Silver
227.53,90,7.1,90,67,100,77,40.16,2,AWSECommerceService,http://webservices.amazon.com/AWSECommerceService/2005-10-05/DE/AWSECommerceService.wsdl,3,Silver
443.0,98,10.1,100,58,100,75,5.8,39,lindnaService,http://genome.dkfz-heidelberg.de/menu/hobit/embapps/wsdl/lindna.wsdl,2,Gold
295.89,61,6.3,61,73,89,80,102.17,11,PT_progetti,http://www.sgr-international.com/PT_progetti.asmx?wsdl,4,Bronze
1021.5,65,3.1,65,73,89,75,4.83,66,RecommendationService,http://developer.statsbiblioteket.dk/netbibservices/services/Recommendation?wsdl,3,Silver
1034.43,32,3.1,33,60,78,79,931.07,5,interopLabEchoHeader,http://soapclient.com/interop/interopC.wsdl,4,Bronze
212.4,96,1.6,99,73,100,84,11.2,31,noreturnService,http://genome.dkfz-heidelberg.de/menu/hobit/embapps/wsdl/noreturn.wsdl,2,Gold
99.0,88,0.7,96,73,100,75,53.0,92,OcrService,http://www.leadtools.net/Services/OcrService/OcrService.asmx?WSDL,1,Platinum
3197.14,48,1.5,48,72,89,86,23.21,59,CodeGenService,http://www.eyemaginations.com/cgi-bin/getWSDL.pl?wsdl=WebFunction.wsdl,4,Bronze
325.97,12,3.5,13,67,78,72,25.23,40,otoMotoWebApi,http://www.otomoto.pl/webapi/server.php?wsdl,4,Bronze
357.8,87,1.2,95,73,100,84,7.0,40,cutseqService,http://genome.dkfz-heidelberg.de/menu/hobit/embapps/wsdl/cutseq.wsdl,2,Gold
153.0,96,6.3,99,73,78,84,99.0,5,SdssCutout,http://skyservice.pha.jhu.edu/sdsscutout/SdssCutout.asmx?WSDL,3,Silver
139.0,89,18.2,96,73,78,84,1.0,57,registeronline,http://ws.custcon.com/rol.asmx?wsdl,1,Platinum
64.5,99,24.3,100,73,78,80,22.0,88,ImgCutout,http://skyservice.pha.jhu.edu/dr1/ImgCutout/imgcutout.asmx?wsdl,1,Platinum
199.17,56,7.3,56,67,78,77,55.5,6,CRMTeeTimeAPI,http://golffacility.com/api/crmteetimeapi.asmx?WSDL,4,Bronze
665.67,63,7.7,63,89,100,93,9.34,58,QuranService,http://studentmasjid.com/Quran/QuranService.wsdl,1,Platinum
178.0,98,34.4,99,83,100,91,8.0,9,CheckItOutClassService,http://www.breakingpar.com/anygolfleague/home.nsf/DemoWebService?WSDL,1,Platinum
462.0,99,12.7,100,73,78,80,11.0,90,NED,http://voservices.net/NED/ws_v1_0/NED.asmx?wsdl,1,Platinum
237.8,99,14.3,100,73,100,84,9.6,32,infoseqService,http://genome.dkfz-heidelberg.de/menu/hobit/embapps/wsdl/infoseq.wsdl,1,Platinum
165.2,91,1.4,91,73,100,80,11.6,62,SpatialQuery,http://www.arcwebservices.com/services/v2006/SpatialQuery.wsdl,1,Platinum
3997.0,90,1.7,90,73,78,84,11.4,8,WSNCBIBlastService,http://www.ebi.ac.uk/Tools/webservices/wsdl/WSNCBIBlast.wsdl,4,Bronze
975.9,59,2.7,60,67,89,77,372.67,66,ScheduleFileWebService,http://www.novasoftware.se/schedulewebservice/service.asmx?WSDL,4,Bronze
267.0,94,1.8,98,58,100,75,7.4,31,bananaService,http://genome.dkfz-heidelberg.de/menu/hobit/embapps/wsdl/banana.wsdl,3,Silver
102.0,90,2.5,97,67,100,82,1.0,39,TaxData,http://ws.strikeiron.com/TaxData?WSDL,2,Gold
117.0,85,24.5,95,73,100,80,30.0,11,locationRouting,http://hle.htzpartners.com/locationSearch/locationRouting.asmx?wsdl,1,Platinum
239.05,97,8.8,99,67,78,77,37.38,3,StreamContentService,http://api.playstream.com/3.0/StreamContentService.asmx?wsdl,3,Silver
80.55,94,13.6,94,60,89,54,26.19,92,SkyNode,http://galex.stsci.edu/skynode/ogoods/nodeb.asmx?wsdl,2,Gold
216.27,52,5.4,52,67,67,77,88.1,2,GetTradingConditions,http://www.saxobank.com/WebServices/GetTradingConditions.asmx?wsdl,4,Bronze
101.0,86,22.5,86,73,89,80,2.5,6,CityLocations,http://asyncpostback.com/CityLocations.asmx?WSDL,2,Gold
994.26,30,2.8,30,67,78,82,88.47,6,SympaSOAP,http://demo.sympa.org/sympa/wsdl,4,Bronze
380.83,91,6.6,91,73,78,80,163.5,9,Northwind,http://www.tunguyen.us/wslearn/northwind.asmx?wsdl,3,Silver
268.11,96,8.3,99,67,78,58,0.72,31,zbozi,http://www.atcomp.cz/webservices/zbozi.asmx?wsdl,3,Silver
135.25,78,3.4,79,73,78,84,1.5,3,AccountServices,http://www.blueface.ie/webservices/voipservices.asmx?wsdl,3,Silver
251.8,93,2.1,98,50,100,72,33.0,5,tcodeService,http://www.ebi.ac.uk/soaplab/emboss4/services/nucleic_gene_finding.tcode.derived?wsdl,4,Bronze
130.67,100,6.9,100,73,78,84,10.0,12,GoogleSearchService,http://jeremy.zawodny.com/~jzawodn/mt/lib/MT/GoogleSearch.wsdl,2,Gold
298.0,83,26.5,84,83,89,91,3.0,4,Calendar,http://www.stgregorioschurchdc.org/wsdl/Calendar.wsdl,1,Platinum
257.5,100,3.4,100,73,78,84,1.0,35,IntegrateServiceService,http://webservices.wolfram.com/services/Integrator/Integrate.m?wsdl,2,Gold
130.75,56,10.8,56,83,78,91,3.5,4,PmSoapRpcApi,http://www.core.ecs.soton.ac.uk/software/wsdl/EPrintsService.wsdl,3,Silver
206.0,98,2.1,100,67,89,82,10.25,59,SendSmsService,http://gw1.aql.com/soap/sendservice.php?WSDL,1,Platinum
621.2,85,8.3,95,73,78,80,10.0,38,MAPPResults,http://xml.assessment.com/service/MAPPResults.asmx?wsdl,2,Gold
113.5,72,17.2,72,50,78,77,2.5,5,TWSFissionDotNet,http://www.sidespace.com/ws/fission/fissiondotnet.php?wsdl,4,Bronze
446.23,90,6.2,97,60,78,79,1.08,93,XigniteChart,http://xignite10.xignite.com/xChart.asmx?wsdl,2,Gold
71.21,71,10.7,71,67,100,77,6.0,8,AWSECommerceService,http://webservices.amazon.com/AWSECommerceService/2005-03-23/AWSECommerceService.wsdl,3,Silver
229.4,99,13.7,100,73,100,84,8.6,40,twofeatService,http://genome.dkfz-heidelberg.de/menu/hobit/embapps/wsdl/twofeat.wsdl,1,Platinum
1342.0,94,10.0,98,73,78,84,83.0,2,Headlines,http://www.grbj.com/rss/headlines.asmx?wsdl,3,Silver
163.0,91,33.2,97,73,100,84,1.0,6,SignatureVerification,http://www.securexml.net/SecureXML/SecureXML.asmx?wsdl,1,Platinum
103.67,97,4.7,99,73,100,75,2.0,96,SearchService,http://www.phdcc.com/findinsite/SearchService.asmx?wsdl,1,Platinum
305.8,88,13.5,96,58,100,75,6.0,33,dotmatcherService,http://genome.dkfz-heidelberg.de/menu/hobit/embapps/wsdl/dotmatcher.wsdl,2,Gold
348.33,66,4.4,66,80,89,83,72.33,3,Service,http://macrowebservices.com/clients/sdg/ws/service.asmx?WSDL&v=15,4,Bronze
424.83,46,3.7,46,73,89,84,20.83,8,ServerExampleService,http://www.nuestrosite.com.mx/soap/server.php?wsdl,4,Bronze
57.42,66,12.5,66,67,100,77,5.31,10,AWSECommerceService,http://webservices.amazon.com/AWSECommerceService/2006-02-15/AWSECommerceService.wsdl,3,Silver
207.0,99,29.0,100,80,100,87,2.0,95,getJoke,http://www.interpressfact.net/webservices/getjoke.asmx?WSDL,1,Platinum
101.33,63,4.0,64,73,100,80,2.66,7,WS4lsqlService,http://slashdemocracy.org/links/ws4lsql.wsdl,4,Bronze
246.25,70,3.8,70,67,89,77,6.75,95,SendContentService,http://www.esendex.com/secure/messenger/soap/SendContentService.asmx?wsdl,2,Gold
401.2,92,3.2,97,73,100,84,51.2,10,fdollopService,http://www.ebi.ac.uk/soaplab/emboss4/services/phylogeny_discrete_characters.fdollop.derived?wsdl,2,Gold
114.0,86,16.1,86,73,89,84,67.0,8,FpMLValidation,http://www.handcoded.com/FpMLValidation.asmx?WSDL,2,Gold
291.09,84,1.3,84,53,89,66,106.44,8,AnalysisWSGowlabImplService,http://www.ebi.ac.uk/soaplab/services/similarity_search.fasta_protein_xml?wsdl,4,Bronze
247.38,28,5.9,29,42,78,74,6.0,9,GLMService,http://guestlistmanager.co.uk/glplus/xml-api/soap/demo_server.php?wsdl,4,Bronze
95.0,83,24.1,84,73,78,80,3.0,12,SOAPReceive,http://www.mxtelecom.com/us/tech/sms/html/uk/tech/sms/xml/wapmx-receive.wsdl,2,Gold
261.33,95,10.1,98,80,89,65,100.66,90,c2i_x0020_Service_x0020_Web_x0020_gratuit,http://www.c2i.fr/c2iws/c2iws_free.asmx?WSDL,1,Platinum
709.5,86,3.7,86,67,78,82,35.5,4,VSOiService,http://vso1.nascom.nasa.gov/API/sdacVSOi_strict.wsdl,4,Bronze
148.95,89,10.8,96,67,100,77,6.73,10,EcMSoapBridgeService,http://webservices.ecircle-ag.com/soap/ecm.wsdl,2,Gold
622.33,75,6.3,76,53,89,66,7.0,62,SubjectBrowserService,http://developer.statsbiblioteket.dk/netbibservices/services/SubjectBrowser?wsdl,4,Bronze
43.12,63,4.6,63,67,89,72,2.18,37,CH_CB,http://www.multispeak.org/interface/30j/14_CH_CB.asmx?wsdl,4,Bronze
147.33,91,16.6,97,73,100,84,18.41,41,ABAService,http://www.lyonsreg.com/webservices/aba/ABAService.asmx?WSDL,1,Platinum
298.2,85,12.5,95,73,100,84,8.0,38,supermatcherService,http://genome.dkfz-heidelberg.de/menu/hobit/embapps/wsdl/supermatcher.wsdl,1,Platinum
353.75,66,3.5,66,80,89,83,67.25,3,Service,http://macrowebservices.com/clients/sdg/ws/service.asmx?WSDL&v=12,4,Bronze
214.0,85,1.4,95,73,100,84,10.8,38,silentService,http://genome.dkfz-heidelberg.de/menu/hobit/embapps/wsdl/silent.wsdl,2,Gold
323.5,56,10.5,56,83,89,91,14.0,2,RsomService,http://www.vbi.vt.edu/~pathport/services/wsdls/rsom.wsdl,3,Silver
128.5,86,6.4,86,73,67,84,88.0,32,PostcodeService,http://www.ssw.com.au/PostcodeWebService/PostcodeService.asmx?wsdl,3,Silver
620.25,91,8.5,97,78,78,89,13.75,8,WikiWebService,http://fox.wikis.com/wikiwebservice.wsdl,2,Gold
352.4,55,4.9,56,67,78,77,76.78,87,BillingSystemCall,http://www.newcomer.de/WebServices/BillingSystem/Call/index.asmx?wsdl,3,Silver
434.83,66,3.0,66,80,89,83,62.58,3,Service,http://macrowebservices.com/clients/sdg/ws/service.asmx?WSDL&v=10,4,Bronze
220.8,85,0.8,95,73,100,84,10.8,35,maskseqService,http://genome.dkfz-heidelberg.de/menu/hobit/embapps/wsdl/maskseq.wsdl,2,Gold
248.81,28,8.4,30,42,78,74,4.81,9,GLMService,http://www.guestlistmanager.co.uk/glplus/xml-api/soap/demo_server.php?wsdl,4,Bronze
79.25,99,20.8,100,73,78,80,25.5,92,ImgCutout,http://skyservice.pha.jhu.edu/dr2/imgcutout/imgcutout.asmx?wsdl,1,Platinum
230.6,97,14.2,99,73,100,84,9.6,37,tranalignService,http://genome.dkfz-heidelberg.de/menu/hobit/embapps/wsdl/tranalign.wsdl,1,Platinum
166.67,75,1.2,75,67,78,77,7.84,38,MoneyCentralRemote,http://office.microsoft.com/Research/Providers/MoneyCentral.asmx?WSDL,4,Bronze
270.5,45,1.6,45,58,78,69,2.83,5,AladinImageService,http://cdsws.u-strasbg.fr/axis/services/AladinImage?wsdl,4,Bronze
581.0,83,15.6,84,50,89,66,116.0,2,GetPersonInfoService,http://oscar.snapps.com/portal.nsf/GetPersonInfoComplex?WSDL,4,Bronze
42.15,56,10.4,56,60,89,69,1.32,37,GIS_CB,http://www.multispeak.org/interface/30j/16_GIS_CB.asmx?wsdl,4,Bronze
420.33,100,3.3,100,73,100,80,131.66,8,AirportDelayService,http://www.pathfinder-xml.com/development/WSDL/AirportDelayService.wsdl,2,Gold
352.0,98,21.5,100,58,89,75,1.0,7,AdminService,http://passport.sme.gov.cn/passport/services/AdminService?wsdl,2,Gold
2098.0,86,5.1,86,80,67,90,55.0,65,wsDataSet,http://www.deeptraining.com/webservices/wsDataSet.asmx?wsdl,3,Silver
369.4,61,6.9,61,73,89,75,29.6,3,IMucsService,http://dmb.ur.se/services/xml/Mucs?wsdl,4,Bronze
119.5,71,15.8,72,73,89,84,61.0,2,TimeService,http://www.samuraisw.com/WebTimeService/TimeService.asmx?wsdl,3,Silver
312.43,88,9.6,96,72,78,89,16.36,11,MonsterBusinessGatewayService,http://schemas.monster.com/BGW3.5/WSDL/MonsterBusinessGateway-wsi-ms.wsdl,2,Gold
3157.61,23,1.3,23,78,89,89,60.11,5,IdeasServiceService,http://198.228.90.222:8080/ideas/services/IdeasService?wsdl,4,Bronze
457.0,83,15.3,84,83,89,91,2.0,10,VersionService,http://www.icare-service.com/axis/services/Version?wsdl,2,Gold
65.07,88,16.7,96,67,100,77,1.28,3,geoservices,http://mlbs.net/nacgeoservices/geoservices.asmx?wsdl,2,Gold
141.5,93,17.6,98,67,100,83,12.0,10,Compound1,http://www.whitemesa.net/r3/compound1.wsdl,2,Gold
397.0,88,1.4,89,60,100,74,169.67,35,SIMPS,http://ws.strikeiron.com/StrikeironMarketplaceServices?WSDL,3,Silver
108.0,86,0.7,95,73,78,80,0.33,90,DOTSFraudProtectionLite,http://trial.serviceobjects.com/fpl/FraudProtectionLite.asmx?WSDL,1,Platinum
260.0,83,15.5,84,73,89,84,10.0,11,RandomBushismService,http://greg.froh.ca/fun/random_bushism/soap/index.php?wsdl,2,Gold
512.25,92,6.8,93,80,78,83,46.37,92,ExchangeRates,http://webservices.lb.lt/ExchangeRates/ExchangeRates.asmx?wsdl,1,Platinum
253.0,86,7.2,86,73,78,80,108.5,8,ConcertWebService,http://radio3.cbc.ca/services/ConcertWebService.asmx?WSDL,3,Silver
193.36,51,8.0,51,67,67,82,74.52,8,UniversalThread,http://www.universalthread.com/WebService/UniversalThread.asmx?wsdl,4,Bronze
194.17,73,6.5,74,73,89,84,13.5,7,Service,http://wstest.avans.nu/Service.asmx?wsdl,3,Silver
292.21,56,6.5,57,67,89,77,54.42,95,WebServiceDemo,http://www.guru4.net/articoli/javascript-soap-client/demo/webservicedemo.asmx?wsdl,3,Silver
106.77,12,13.0,12,60,89,69,8.92,92,lmapi,http://lists.sfcg.org/soap/wsdl,4,Bronze
276.0,88,13.5,96,73,100,84,6.4,36,infoalignService,http://genome.dkfz-heidelberg.de/menu/hobit/embapps/wsdl/infoalign.wsdl,1,Platinum
236.21,64,2.5,64,80,67,83,48.07,88,AirportDataService,http://service.falconwebtech.com/aptDataService.asmx?wsdl,3,Silver
121.15,88,6.4,89,67,100,77,8.2,7,AWSECommerceService,http://webservices.amazon.com/AWSECommerceService/AWSECommerceService.wsdl,3,Silver
174.11,60,7.5,61,60,89,74,104.28,88,ContactService,http://www.fmnsoft.com/ContactService.asmx?wsdl,3,Silver
106.75,90,16.2,96,73,78,80,24.13,93,ArticlesSecure,http://netservice.fossware.com/ArticlesSecure.asmx?WSDL,1,Platinum
177.5,94,14.6,98,67,89,58,25.8,32,UserService,http://my.textcaster.com/webservices/userservice.asmx?WSDL,3,Silver
232.0,100,13.0,100,73,100,84,51.5,35,sendOIOXML,http://vans-test.sdn.dk/einvoice/ws/ver1/sendOIOxml/sendOIOXML.asmx?wsdl,1,Platinum
102.2,90,3.3,97,73,100,80,2.2,41,SMSMessagingService,http://ws.strikeiron.com/SMSMessagingService?WSDL,2,Gold
169.0,96,12.2,96,50,89,66,9.83,11,LeagueService,http://www.swissunihockey.ch/weblounge/webservices/league?wsdl,3,Silver
181.43,91,2.4,97,73,100,80,11.14,42,Photoserver,http://www.inphoto.cz/Service/PhotoServer.asmx?WSDL,2,Gold
369.83,66,2.9,67,80,89,83,76.5,11,Service,http://macrowebservices.com/clients/sdg/ws/service.asmx?WSDL&v=14,3,Silver
265.09,94,10.2,94,73,89,62,48.18,11,SkyNodeWS,http://skyserver.ast.cam.ac.uk/wfc/SkyNodeWS.asmx?wsdl,3,Silver
413.0,83,17.8,84,78,89,89,10.0,6,sbp,http://th.sbuypayment.com/webservices/Pay.php?wsdl,2,Gold
300.6,100,1.4,100,67,100,82,42.6,1,vrnaduplexService,http://www.ebi.ac.uk/soaplab/emboss4/services/nucleic_rna_folding.vrnaduplex.derived?wsdl,3,Silver
178.75,56,8.4,56,60,89,69,4.0,2,bibiwsImplementationService,http://bibiserv.techfak.uni-bielefeld.de/wsdl/bibiws.wsdl,4,Bronze
146.83,85,2.1,95,83,89,91,95.58,7,VbidasService,http://www.vbi.vt.edu/~pathport/services/wsdls/vbidas.wsdl,2,Gold
585.4,51,2.0,52,73,78,84,398.4,11,SQLDataInterop,http://soapclient.com/interop/InteropB.wsdl,4,Bronze
3439.83,66,1.6,67,73,89,75,157.5,6,BlastbtService,http://staff.vbi.vt.edu/pathport/services/wsdls/clusterblast.wsdl,4,Bronze
205.5,73,1.9,73,60,78,74,27.0,33,VinService,http://webservice.vinexplosion.com/VinService.asmx?wsdl,4,Bronze
145.36,33,3.2,34,67,78,72,2.65,7,interopLab,http://www.pocketsoap.com/services/ilab.wsdl,4,Bronze
208.22,61,7.6,62,73,78,80,81.83,3,PasteHereWebService,http://webservice.pastehere.com/PasteHereWebService.asmx?WSDL,4,Bronze
1840.0,90,8.7,97,73,78,80,26.0,39,Statistics,http://www.webservicex.net/Statistics.asmx?WSDL,3,Silver
75.25,56,8.0,56,83,89,91,20.5,12,GlimmermService,http://www.vbi.vt.edu/~pathport/services/wsdls/glimmerm.wsdl,3,Silver
134.0,83,26.8,84,78,78,89,4.0,2,GroupsFinderService,http://www.epfl.ch/groups3.wsdl,2,Gold
268.2,93,1.2,98,67,100,82,44.8,7,maskseqService,http://www.ebi.ac.uk/soaplab/emboss4/services/edit.maskseq.derived?wsdl,3,Silver
228.6,100,14.1,100,73,100,84,9.8,36,transeqService,http://genome.dkfz-heidelberg.de/menu/hobit/embapps/wsdl/transeq.wsdl,1,Platinum
213.0,96,17.1,99,73,78,62,108.0,2,news_xml_service,http://www.newsxpc.com/news-xml-service.asmx?wsdl,3,Silver
303.1,34,10.4,34,73,100,80,2.4,92,ExperimentWebService,http://www.amdcc.org/Webservice/ExperimentWebService.asmx?wsdl,3,Silver
43.0,72,15.2,72,73,78,84,4.5,5,XarayaSoap,http://aber.com.mk/ws.php?wsdl,3,Silver
200.0,91,30.0,97,80,100,87,12.0,6,SerClsWSPasarelaPINPADService,http://sas-d.sermepa.es/TPV_PC/wsdl/SerClsWSPasarelaPINPAD.wsdl,1,Platinum
406.0,86,3.0,95,73,100,84,47.0,11,fpennyService,http://www.ebi.ac.uk/soaplab/emboss4/services/phylogeny_discrete_characters.fpenny.derived?wsdl,2,Gold
236.0,83,17.2,84,89,78,93,7.0,8,codeService,http://revivalproject.pymesoft.net/soap/wsdl.asp,2,Gold
349.8,92,1.4,97,67,100,82,39.4,6,vrnasuboptService,http://www.ebi.ac.uk/soaplab/emboss4/services/nucleic_rna_folding.vrnasubopt.derived?wsdl,3,Silver
664.0,83,13.6,84,83,89,91,53.0,7,VersionService,http://passport.sme.gov.cn/passport/services/Version?wsdl,2,Gold
294.5,87,14.5,95,73,89,62,66.0,39,IT_x0040_Service_x0020_Webservices,http://www.itatservice.de/itatservice/itatservice9.asmx?WSDL,3,Silver
240.5,72,8.6,72,78,89,89,117.0,10,LottoDrawings,http://lottoexchange.net/LottoDrawings.php?wsdl,3,Silver
1255.12,97,2.2,97,60,78,74,523.88,10,pbx,http://www.innovaphone.de/wsdl/pbx.wsdl,4,Bronze
198.0,97,1.0,99,73,100,84,8.0,31,seqretService,http://genome.dkfz-heidelberg.de/menu/hobit/embapps/wsdl/seqret.wsdl,2,Gold
289.0,86,0.4,87,80,100,87,1.0,2,DatabindingPatterns,http://www.w3.org/2002/ws/databinding/edcopy/testsuite/documents/names/names.wsdl,2,Gold
102.5,89,3.1,96,80,78,87,47.5,88,ccydemo,http://webcontinuum.net/webservices/ccydemo.wsdl,1,Platinum
134.07,84,12.2,85,60,89,69,8.21,4,DiscoveryService,http://superglue.badc.rl.ac.uk/exist/services/Discovery?wsdl,4,Bronze
261.6,91,1.1,97,73,100,84,5.4,38,newseqService,http://genome.dkfz-heidelberg.de/menu/hobit/embapps/wsdl/newseq.wsdl,2,Gold
126.0,99,2.4,100,73,78,84,2.0,94,EmailVerify,http://www.strikeiron.com/WebServices/emailverify.asmx?WSDL,1,Platinum
356.75,56,7.5,56,83,89,91,8.75,36,SRS,http://xml.nig.ac.jp/wsdl/SRS.wsdl,3,Silver
193.33,94,4.3,98,83,89,91,123.22,11,ClusterfastaService,http://www.vbi.vt.edu/~pathport/services/wsdls/clusterfasta.wsdl,2,Gold
191.83,73,3.6,74,73,89,84,2.66,62,ServicioVisualizacion,http://www.geoservicios.com/V1.0/sv/sv.asmx?wsdl,2,Gold
113.33,91,5.7,97,73,100,84,45.66,3,ePrecis,http://www.eprecis.com/eprecis.asmx?wsdl,2,Gold
124.67,100,6.9,100,73,78,84,11.0,6,GoogleSearchService,http://www.mqp.wpi.edu/led/phpwiki/GoogleSearch.wsdl,2,Gold
277.35,86,6.3,86,53,89,66,79.26,11,AnalysisWSAppLabImplService,http://www.ebi.ac.uk/soaplab/emboss4/services/edit.newseq?wsdl,4,Bronze
234.2,94,2.6,98,73,100,84,5.6,38,geeceeService,http://genome.dkfz-heidelberg.de/menu/hobit/embapps/wsdl/geecee.wsdl,1,Platinum
1567.09,73,0.2,74,53,89,66,396.54,3,AnalysisWSAppLabImplService,http://www.ebi.ac.uk/soaplab/emboss4/services/alignment_multiple.showalign?wsdl,4,Bronze
70.86,42,7.6,43,78,89,89,3.43,6,WMLS,http://www.witsml.org/api/130/WMLS.WSDL,4,Bronze
213.4,98,4.0,99,73,100,84,6.0,38,whichdbService,http://genome.dkfz-heidelberg.de/menu/hobit/embapps/wsdl/whichdb.wsdl,1,Platinum
126.0,83,31.4,84,83,89,91,3.0,67,XEMBLService,http://www.ebi.ac.uk/xembl/XEMBL.wsdl,1,Platinum
783.0,63,4.6,64,73,89,75,76.33,38,IDEC_GeoServeis,http://www.geoportal-idec.net/gestor/webservices/idec_ws.wsdl,4,Bronze
69.0,83,23.4,84,78,89,89,2.0,6,SecureLogin,http://www.vapoultrygrowers.com/VPGC-Web/Global/SecureLogin.asmx?WSDL,2,Gold
122.0,90,3.9,97,73,78,80,1.0,94,UPSRates,http://mackeybros.com/WebServices/UPSRates.asmx?wsdl,1,Platinum
79.0,84,7.1,84,60,89,69,15.0,10,Current Homeland Security Threat Level,http://www.boyzoid.com/threat.cfc?wsdl,4,Bronze
189.57,43,3.0,44,73,89,75,6.0,1,kSMSSoap,http://ksms.webservice.keyteq.no/ksms.php?wsdl,4,Bronze
231.2,95,1.2,98,73,100,84,10.2,34,marscanService,http://genome.dkfz-heidelberg.de/menu/hobit/embapps/wsdl/marscan.wsdl,2,Gold
121.2,55,1.0,55,50,78,66,5.0,93,Service,http://www.csoft.co.uk/dtd/sendsms3.wsdl,4,Bronze
293.8,93,12.9,98,73,100,84,8.0,38,stretcherService,http://genome.dkfz-heidelberg.de/menu/hobit/embapps/wsdl/stretcher.wsdl,1,Platinum
423.17,86,6.2,95,60,78,74,141.95,96,XigniteRealTime,http://xignite10.xignite.com/xRealTime.asmx?wsdl,2,Gold
346.5,86,16.9,86,73,89,84,270.0,93,LocalTime,http://www.ripedev.com/webservices/LocalTime.asmx?WSDL,1,Platinum
1235.0,88,3.6,96,42,89,62,10.17,10,LeagueService,http://www.swissunihockey.ch/weblounge/repository/Verband/SUHV/league.wsdl,4,Bronze
240.3,56,1.3,57,60,78,79,8.5,9,ILohn2004service,http://www.newcomer.de/WebServices/Lohn.dll/wsdl/ILohn2004,4,Bronze
1015.0,83,1.3,84,73,89,75,4.0,7,SOAPService,http://www.bioinfo.tsinghua.edu.cn/~tigerchen/SubLoc.wsdl,4,Bronze
331.0,87,20.4,95,73,100,80,46.0,7,DownloadService,http://www.samsung.com/ph/support/WcmsService/DownloadService.asmx?WSDL,2,Gold
213.0,85,1.8,95,73,100,84,8.2,40,oddcompService,http://genome.dkfz-heidelberg.de/menu/hobit/embapps/wsdl/oddcomp.wsdl,2,Gold
163.0,83,20.4,84,73,78,84,5.0,10,eFetchService,http://www.ncbi.nlm.nih.gov/entrez/eutils/soap/v1.0/efetch.wsdl,2,Gold
317.0,93,12.1,98,73,100,84,10.6,36,supermatcherService,http://genome.dkfz-heidelberg.de/menu/hobit/embapps/wsdl/supermatcher.wsdl,1,Platinum
114.33,85,16.2,95,73,100,84,13.0,39,RandomService,http://dotnet.borland.com/random/randomizer.asmx?wsdl,1,Platinum
111.0,87,27.4,95,58,89,80,2.0,11,Compound2,http://mssoapinterop.org/stkv3/wsdl/Compound2.wsdl,2,Gold
173.0,67,0.5,68,73,100,80,1.67,92,MESAClaimsService,http://ipip.europeadeseguros.com/wsdl,2,Gold
207.0,86,13.5,86,73,89,84,78.5,5,XmlHttpCheck,http://images.loopnet.com/xNet/MainSite/WebServices/XmlHttpUtility/XmlHttpCheck.asmx?WSDL,2,Gold
59.58,77,8.8,78,67,100,77,3.95,3,AWSECommerceService,http://webservices.amazon.com/AWSECommerceService/2005-03-23/US/AWSECommerceService.wsdl,3,Silver
231.6,96,14.0,99,73,100,84,10.6,42,est2genomeService,http://genome.dkfz-heidelberg.de/menu/hobit/embapps/wsdl/est2genome.wsdl,1,Platinum
110.0,83,24.0,84,73,89,84,3.0,5,Import1,http://www.mssoapinterop.org/asmx/WSDL/import1.wsdl,2,Gold
514.5,86,1.4,95,73,78,62,15.0,36,bidlistconnection_web_services,http://www.bidlistconnection.com/blcws2.asmx?wsdl,3,Silver
4480.8,52,1.0,53,50,78,66,1652.4,8,LocalSearchSrvService,http://freemosp.51ditu.com/wsdl/LocalSearchSrv.wsdl,4,Bronze
112.0,83,37.7,84,73,78,75,1.0,3,WarrantyClaimWebService,http://www.walkermowers.com/ws/opei/WarrantyClaimService2.wsdl,2,Gold
253.2,88,2.7,96,73,100,80,45.8,3,domainresoService,http://www.ebi.ac.uk/soaplab/emboss4/services/protein_3d_structure.domainreso.derived?wsdl,3,Silver
146.0,63,10.5,63,73,78,75,5.67,5,Footprinting,http://www.bioinf.med.uni-goettingen.de/fileadmin/upload/webservices/footprintingWS.wsdl,4,Bronze
108.5,100,1.1,100,73,78,80,1.5,87,DOTSAddressPlus,http://trial.serviceobjects.com/ap/AddressPlus.asmx?wsdl,1,Platinum
222.0,90,10.2,97,73,100,84,23.67,12,HDSaldo,http://www.component-software.at/HDSaldoWebService/HDSaldo.asmx?WSDL,2,Gold
154.0,86,5.6,86,73,67,84,113.0,34,PostcodeService,http://ssw.com.au/PostcodeWebService/PostcodeService.asmx?wsdl,3,Silver
195.0,94,9.5,94,73,78,62,60.64,8,SkyNodeWS,http://skyservice.pha.jhu.edu/SkyNode/TWOMASS/SkyNodeWS.asmx?WSDL,3,Silver
628.0,90,20.2,97,73,100,84,17.0,5,engtoarabic,http://www.closerfar.com/engtoarabic.asmx?WSDL,2,Gold
127.5,78,8.4,78,73,89,80,6.5,65,SudokuSolverWS,http://www.heroicsalmonleap.net/SudokuSolver/SudokuSolverWS.asmx?wsdl,2,Gold
298.0,99,10.3,100,83,89,91,20.0,8,FloodService,http://soap.floodcert.com/wsdl/Flood_wsdl_v1_0_2.wsdl,1,Platinum
135.0,97,7.5,99,73,78,84,9.0,10,GoogleSearchService,http://telugu.sarovar.org/wiki/GoogleSearch.wsdl,2,Gold
146.08,57,10.2,59,53,89,71,52.93,88,MessageGroupService,http://www.fmnsoft.com/MessageGroupService.asmx?wsdl,3,Silver
108.67,87,4.8,95,73,100,84,24.84,12,Fax,http://ws.acrosscommunications.com/Fax.asmx?WSDL,2,Gold
174.5,72,13.3,72,83,89,91,3.5,96,B2BXMLOrders,http://b2bserver.acdsystems.com/b2bxmlorders.asmx?WSDL,1,Platinum
221.2,92,14.2,97,73,100,84,9.2,38,textsearchService,http://genome.dkfz-heidelberg.de/menu/hobit/embapps/wsdl/textsearch.wsdl,1,Platinum
1471.92,61,2.1,62,73,67,80,725.67,96,TextToImage,http://teachatechie.com/GJTTVBWebServices/TextToImage.asmx?wsdl,4,Bronze
250.4,93,2.0,98,50,100,72,45.4,6,pepnetService,http://www.ebi.ac.uk/soaplab/emboss4/services/display.pepnet.derived?wsdl,4,Bronze
515.2,86,9.2,95,73,100,84,8.8,37,showalignService,http://genome.dkfz-heidelberg.de/menu/hobit/embapps/wsdl/showalign.wsdl,1,Platinum
267.0,98,9.5,100,80,78,65,2.0,3,politicalareareport,http://citizenatlas.dc.gov/webservices/politicalareareport.asmx?wsdl,3,Silver
64.96,18,4.3,18,60,78,79,5.15,1,AmazonSearchService,http://homes.dsi.unimi.it/~santini/FTP/dida/iapp/20032004/datacentric/dtd/AmazonWebServices.wsdl,4,Bronze
770.6,98,1.0,98,60,100,72,254.5,11,eBayAPIInterfaceService,http://developer.ebay.com/webservices/427/ebaySvc.wsdl,3,Silver
315.85,90,9.9,97,72,89,86,1.65,4,IClientDataservice,http://qc.borland.com/coBugCGI.EXE/wsdl/IClientData,2,Gold
539.72,23,4.0,24,60,78,83,146.94,10,IXMLWSservice,http://ccs.fax.de/xmlws3.exe/wsdl/IXMLWS,4,Bronze
113.2,51,5.5,51,73,78,84,4.0,56,XMethodsQuery,http://hungmaow.org/files/query.wsdl,3,Silver
197.0,88,3.7,96,60,100,79,63.0,61,PhoneInteligence2,http://ws.strikeiron.com/DesertSoft/phoneintel?WSDL,2,Gold
135.0,83,20.6,84,67,89,72,21.0,9,echoService,http://www.autowatch.us/ext/echo.cfc?wsdl,3,Silver
335.3,85,2.4,86,53,89,66,100.3,11,AnalysisWSAppLabImplService,http://www.ebi.ac.uk/soaplab/emboss4/services/phylogeny_molecular_sequence.frestboot?wsdl,4,Bronze
179.5,94,10.5,98,73,89,62,1.25,9,Servicio_medio_ambiente,http://eriste.aragob.es/WebServiceMedioAmbiente/MedioAmbiente.asmx?WSDL,3,Silver
188.56,91,11.5,97,73,78,80,21.12,94,TVCaboEPG,http://webservices.tvcabo.pt/epg/epg.asmx?wsdl,1,Platinum
428.0,74,1.4,75,73,78,84,11.83,97,OfficeResearch,http://www.gama-system.com/webservices/officeresearch.asmx?wsdl,2,Gold
64.64,32,9.2,32,67,89,77,30.0,3,merchant-interface-mime,http://www.partsexpress.com/amazon.wsdl,4,Bronze
289.5,70,7.5,70,73,78,80,110.25,36,Users,http://api.legiomedia.com/Users.asmx?WSDL,3,Silver
414.0,86,10.5,86,73,89,84,74.5,4,ClientInformation,http://services.ezcomm.co.za/ClientInformation.asmx?WSDL,3,Silver
182.0,100,29.2,100,80,100,87,1.0,31,Securlogin,http://195.68.94.163:8001/WS_SecurLogin.asmx?WSDL,1,Platinum
321.4,88,2.8,96,73,100,84,38.4,7,seealsoService,http://www.ebi.ac.uk/soaplab/emboss4/services/display.seealso.derived?wsdl,2,Gold
114.5,95,14.2,99,67,78,77,0.6,93,XigniteNews,http://xignite.com/xNews.asmx?wsdl,1,Platinum
274.52,86,4.3,86,53,89,66,87.3,11,AnalysisWSAppLabImplService,http://www.ebi.ac.uk/soaplab/emboss4/services/edit.seqretsplit?wsdl,4,Bronze
255.4,94,2.3,98,67,100,82,40.0,10,sigcleaveService,http://www.ebi.ac.uk/soaplab/emboss4/services/protein_motifs.sigcleave.derived?wsdl,2,Gold
1084.5,85,7.3,95,58,100,57,6.5,5,TWS-DR,http://www.trustedwebservices.org/trustedx/downloads/SignatureVerify.wsdl,4,Bronze
175.75,78,10.8,78,73,89,80,79.75,24,CustomerService,http://asyncpostback.com/CustomerService.asmx?WSDL,3,Silver
107.33,63,15.1,63,73,100,84,4.0,2,wsaTestService,"http://fisheye5.cenqua.com/viewrep/~raw,r=1.2/jax-wsa-sources/jaxwsa-ri/test/src/w3c/s11/etc/wsaTestService.wsdl",3,Silver
713.2,99,7.9,100,58,100,75,15.8,39,abiviewService,http://genome.dkfz-heidelberg.de/menu/hobit/embapps/wsdl/abiview.wsdl,2,Gold
2779.5,28,1.5,28,60,89,69,1.38,11,CatalogService,http://athena.jamdat.com/axis/services/catalog?wsdl,4,Bronze
149.5,94,13.3,98,73,100,80,4.0,9,LeftNeighboursService,http://wortschatz.uni-leipzig.de/axis/services/LeftNeighbours?wsdl,2,Gold
109.0,93,29.9,98,83,89,91,3.0,4,EmptySA,http://www.whitemesa.com/r3/emptysa.wsdl,1,Platinum
114.58,95,13.3,99,67,89,82,32.45,92,A.D.A.M._x002C__x0020_Inc._x0020_-_x0020_Content_x0020_Service,http://ws.adam.com/ContentService.asmx?WSDL,1,Platinum
481.9,94,2.1,94,67,67,84,6.7,89,NetworkNode,http://exchangenetwork.net/schema/v1.0/node.wsdl,2,Gold
316.3,84,2.0,85,53,89,66,120.13,12,AnalysisWSAppLabImplService,http://www.ebi.ac.uk/soaplab/emboss4/services/alignment_local.wordmatch?wsdl,4,Bronze
244.2,85,2.2,95,67,100,82,30.4,12,sigscanService,http://www.ebi.ac.uk/soaplab/emboss4/services/protein_3d_structure.sigscan.derived?wsdl,3,Silver
161.5,34,2.0,35,67,67,82,21.64,12,interopLab,http://soap.4s4c.com/ilab2/ilab.wsdl,4,Bronze
106.75,86,1.3,95,80,78,87,1.25,96,SailboatCalcsWS,http://pooh.poly.asu.edu/cst556-sailboatcalcsws/SailboatCalcsWS.asmx?wsdl,1,Platinum
401.14,43,4.1,43,83,89,91,9.57,35,DDBJ,http://xml.nig.ac.jp/wsdl/DDBJ.wsdl,3,Silver
332.25,78,5.9,78,73,89,88,140.25,92,OECD.Stat_x0020_SDMX_x0020_web_x0020_service,http://stats.oecd.org/OECDStatWS_SDMX/SDMX.asmx?WSDL,1,Platinum
199.0,96,13.5,99,73,100,84,36.0,86,LetterSoup,http://www.regomnet.de/lettersoup.asmx?WSDL,1,Platinum
86.5,57,1.5,58,67,78,72,1.25,12,com.starwood.corona.apps.wdc.AirKiosk,http://sutra110.airkiosk.com/AirKiosk.wsdl,4,Bronze
133.75,89,3.4,96,60,100,74,33.75,34,MobileTextMessaging,http://ws.strikeiron.com/mobiletext_2_5?WSDL,3,Silver
180.59,95,11.8,98,67,78,82,35.71,64,erez3,http://library.barebilligst.dk/erez3/erez?cmd=expand&vtl=soap/erez3.wsdl,1,Platinum
236.2,98,1.1,100,73,100,84,7.2,41,equicktandemService,http://genome.dkfz-heidelberg.de/menu/hobit/embapps/wsdl/equicktandem.wsdl,1,Platinum
169.0,83,18.9,84,80,78,87,4.0,11,SearchCuroCustomerService,http://int2npp.post.ch/EPPWS-web-services/wsdl/EPPWSint.wsdl,2,Gold
277.6,93,2.3,98,50,100,72,44.4,2,pepwindowService,http://www.ebi.ac.uk/soaplab/emboss4/services/protein_composition.pepwindow.derived?wsdl,4,Bronze
104.0,92,17.1,97,73,100,80,30.67,4,EditService,http://www.xamlshare.com/editservice.asmx?wsdl,2,Gold
404.5,99,3.4,100,73,89,62,37.0,2,StateInfoSrv,http://offerings.nic.in/finalcomponent/stateinfosrv.asmx?WSDL,3,Silver
538.0,98,14.5,99,73,78,84,55.0,4,BNPrice,http://www.abundanttech.com/webservices/bnprice/bnprice.wsdl,2,Gold
3321.4,89,1.4,96,73,78,80,2.6,96,USDAData,http://www.strikeiron.com/webservices/usdadata.asmx?wsdl,3,Silver
223.6,100,0.7,100,73,100,84,6.0,37,skipseqService,http://genome.dkfz-heidelberg.de/menu/hobit/embapps/wsdl/skipseq.wsdl,1,Platinum
221.4,91,2.6,97,73,100,80,43.2,5,hetparseService,http://www.ebi.ac.uk/soaplab/emboss4/services/utils_database_creation.hetparse.derived?wsdl,2,Gold
648.0,92,0.6,97,73,78,84,3.0,34,CurrencyConvertor,http://www.webservicex.net/CurrencyConvertor.asmx?wsdl,3,Silver
268.35,85,4.7,86,53,89,66,81.22,4,AnalysisWSAppLabImplService,http://www.ebi.ac.uk/soaplab/emboss4/services/nucleic_restriction.recoder?wsdl,4,Bronze
437.8,95,10.4,98,73,100,84,12.6,33,needleService,http://genome.dkfz-heidelberg.de/menu/hobit/embapps/wsdl/needle.wsdl,1,Platinum
495.0,83,18.0,84,72,78,86,221.0,5,companyPaymentAuthorizationService,http://www.stylusstudio.com/SSDN/upload/PaymentAuthorization.wsdl,3,Silver
128.5,72,21.7,72,78,89,89,8.5,6,ITempConverterservice,http://developerdays.com/cgi-bin/tempconverter.exe/wsdl/ITempConverter,2,Gold
3150.0,98,2.9,100,73,78,84,31.0,93,AustralianPostCode,http://www.webservicex.net/AustralianPostCode.asmx?WSDL,2,Gold
223.67,63,5.1,63,73,89,75,20.67,40,hellowsdl2,http://www.scottnichol.com/samples/hellowsdl2.php?wsdl,3,Silver
148.5,87,11.1,95,67,78,82,33.29,92,USHolidayDates,http://www.27seconds.com/Holidays/US/Dates/USHolidayDates.asmx?wsdl,1,Platinum
57.0,91,27.3,97,83,89,93,14.0,8,DispatcherAPIService,http://tbe.taleo.net/wsdl/DispatcherAPI.wsdl,1,Platinum
379.5,88,14.8,96,73,100,80,137.5,7,FlightRouteService,http://www.pathfinder-xml.com/development/WSDL/FlightRouteService.wsdl,2,Gold
330.19,92,8.6,97,67,100,77,17.13,64,TerraService,http://www.terraservice.net/TerraService2.asmx?wsdl,1,Platinum
659.5,97,4.7,99,73,100,87,2.0,6,Zip,http://www.nationalbanken.dk/C1256B730054214F/sysOakFil/KDE2_zip_wsdl_fil_ver040128/$File/Zip.wsdl,2,Gold
249.0,56,8.1,57,73,78,87,2.25,5,Domain,http://www.afnic.fr/data/webservices/wsdl/Domain.wsdl,4,Bronze
325.6,86,12.0,95,73,100,84,10.6,37,sirnaService,http://genome.dkfz-heidelberg.de/menu/hobit/embapps/wsdl/sirna.wsdl,1,Platinum
314.15,100,6.7,100,60,100,79,18.05,8,NSVMPublishingAPIV3,http://vm.netsizeonline.com/nsvmpublishingapiV3/nsvmpublishingapiV3.asmx?wsdl,2,Gold
101.5,90,1.4,97,58,100,75,8.25,4,ServiceRequest,http://ecs.tradepointsystems.com/services/ServiceRequestSoap?wsdl,3,Silver
252.35,85,5.3,86,53,89,66,53.96,6,AnalysisWSGowlabImplService,http://www.ebi.ac.uk/soaplab/wsdl/graphics__dot.wsdl,4,Bronze
333.4,97,12.1,99,73,100,84,11.2,39,tranalignService,http://genome.dkfz-heidelberg.de/menu/hobit/embapps/wsdl/tranalign.wsdl,1,Platinum
379.2,96,1.1,99,67,100,82,44.4,10,vrnacofoldpfService,http://www.ebi.ac.uk/soaplab/emboss4/services/nucleic_rna_folding.vrnacofoldpf.derived?wsdl,2,Gold
211.0,43,3.1,44,53,89,66,7.71,59,scavenger_hunt,http://www.cosmeo.com/ws/homeScavengerHunt.cfc?wsdl,4,Bronze
158.9,61,3.5,61,67,78,72,41.0,8,SoapTest,http://mssoapinterop.org/asmx/simpleB.asmx?wsdl,4,Bronze
217.2,90,0.8,97,58,100,75,9.6,32,iepService,http://genome.dkfz-heidelberg.de/menu/hobit/embapps/wsdl/iep.wsdl,3,Silver
375.78,83,1.3,84,53,89,66,126.87,7,AnalysisWSAppLabImplService,http://www.ebi.ac.uk/soaplab/emboss4/services/phylogeny_molecular_sequence.fprotpars?wsdl,4,Bronze
125.0,94,24.1,98,73,89,62,2.0,33,RGen,http://www.mrrcomputers.cc/Applications/randomgen.asmx?WSDL,2,Gold
260.6,100,13.5,100,67,100,82,42.4,2,showseqService,http://www.ebi.ac.uk/soaplab/emboss4/services/display.showseq.derived?wsdl,2,Gold
300.12,90,7.9,97,67,78,82,14.88,63,erez3,http://library.dali.dk/erez3/erez?cmd=expand&vtl=soap/erez3.wsdl,2,Gold
301.0,20,4.0,21,42,100,66,7.67,88,SforceService,http://cornsoup.net/enterprise.wsdl.xml,4,Bronze
2150.0,83,7.4,84,73,89,84,7.0,1,RandomGoogleSearchService,http://www.ghettodriveby.com/soap/index.php?wsdl,4,Bronze
227.17,90,3.7,97,73,89,62,1.34,92,NBPRates,http://waluty.k2.pl/ws/NBPRates.asmx?WSDL,2,Gold
2967.0,90,5.1,97,73,78,84,41.0,32,BarCode,http://www.webservicex.net/barcode.asmx?WSDL,3,Silver
259.4,85,1.9,95,67,100,82,33.8,6,emowseService,http://www.ebi.ac.uk/soaplab/emboss4/services/protein_composition.emowse.derived?wsdl,3,Silver
316.28,86,7.2,95,33,78,62,25.52,5,GSXWS,http://gsx.apple.com/gsxws.wsdl,4,Bronze
627.0,83,12.8,84,78,89,89,541.0,64,SoapResponder,http://soapclient.com/xml/soapresponder.wsdl,1,Platinum
307.2,93,12.7,98,73,100,84,11.0,41,needleService,http://genome.dkfz-heidelberg.de/menu/hobit/embapps/wsdl/needle.wsdl,1,Platinum
106.0,90,35.7,97,80,100,87,1.0,1,InteropTestExtensibility,http://www.mssoapinterop.org/asmx/WSDL/InteropTestExtensibility.wsdl,1,Platinum
145.25,56,11.8,56,78,78,89,4.75,7,ObjectStateManager,http://rep.oio.dk/OIO%20services/ObjectStateManager.wsdl,4,Bronze
58.21,62,13.3,63,67,100,77,4.68,1,AWSECommerceService,http://webservices.amazon.com/AWSECommerceService/2005-10-05/AWSECommerceService.wsdl,4,Bronze
111.0,72,15.0,72,83,89,91,6.5,8,GD_VSDB_WMService,http://email.secureserver.net/vsdbServer.php?wsdl,2,Gold
271.0,63,2.7,64,67,89,72,152.0,84,AddressManager,http://arcweb.esri.com/services/v2/AddressManager.wsdl,3,Silver
421.0,63,6.7,63,67,78,85,57.0,11,IKtoPruefservice,http://webservices.hanft.de/wsdl/IKtoPruef,4,Bronze
178.0,86,20.2,86,73,89,84,2.0,3,excuses,http://www.sellsbrothers.com/excuses/excuses.asmx?wsdl,2,Gold
146.5,97,9.4,99,60,100,79,60.5,8,GeoCodeService,http://ws.strikeiron.com/GeocodeAmerica/geocode?WSDL,2,Gold
500.75,56,4.7,57,73,89,75,84.75,11,EchoHeadersService,http://www.oasis-open.org/committees/download.php/14955/echo_policy.wsdl,4,Bronze
736.5,86,9.2,86,73,78,84,2.0,6,TrafficService,http://www.maslan.org/TrafficService.asmx?WSDL,3,Silver
180.0,95,14.6,99,73,100,84,23.5,88,LetterSoup,http://regomnet.de/lettersoup.asmx?WSDL,1,Platinum
221.0,87,25.9,95,73,100,84,1.0,8,UpdatePerson,http://my.nctm.org/ebusiness/WebServices/UpdatePerson.asmx?WSDL,1,Platinum
77.0,50,9.2,51,78,89,89,3.2,66,MyWorld,http://esol.american.edu:8080/wsdl/MyWorld.wsdl,2,Gold
158.25,93,13.9,98,73,78,84,19.87,95,IOHandler,http://pc-tambura.ipsi.fhg.de/AuthoringTools/WSTaxonomyLight/IOHandler.asmx?WSDL,1,Platinum
356.5,93,10.3,98,73,100,84,1.0,8,CursBCE,http://www.infovalutar.ro/cursBCE.asmx?WSDL,2,Gold
90.0,97,29.1,99,73,100,84,25.0,12,TextGraphic,http://authors.aspalliance.com/chrisg/tools/textgraphic.asmx?wsdl,1,Platinum
201.2,97,1.2,99,73,100,84,8.4,32,unionService,http://genome.dkfz-heidelberg.de/menu/hobit/embapps/wsdl/union.wsdl,2,Gold
327.13,13,5.1,13,67,78,72,24.98,37,otoMotoWebApi,http://otomoto.wp.pl/webapi/server.php?wsdl,4,Bronze
687.0,94,15.6,98,73,100,84,200.0,38,registration,http://www.psit.co.yu/PSITResearchServices/registration.asmx?WSDL,1,Platinum
184.67,98,2.6,100,60,78,79,32.0,27,QueryDeathIndex,http://ws.strikeiron.com/DeathIndex?WSDL,3,Silver
210.0,89,15.7,96,73,100,84,5.8,38,extractfeatService,http://genome.dkfz-heidelberg.de/menu/hobit/embapps/wsdl/extractfeat.wsdl,1,Platinum
228.3,7,4.8,8,67,89,72,9.07,9,AllegroWebApiService,http://webapi.aukro.cz/uploader.php?wsdl,4,Bronze
143.67,100,1.8,100,60,100,74,48.67,9,UKAddressVerification,http://ws.strikeiron.com/UKAddressVerification?WSDL,3,Silver
300.96,85,3.2,85,53,89,66,85.26,8,AnalysisWSAppLabImplService,http://www.ebi.ac.uk/soaplab/emboss4/services/edit.biosed?wsdl,4,Bronze
82.0,72,13.8,72,67,89,72,4.5,4,GeocodeService,http://www.zeesource.net/maps/services/Geocode?wsdl,4,Bronze
195.54,28,5.8,29,60,78,62,48.62,86,MailService,http://pc-tambura.ipsi.fhg.de/AuthoringTools/NotificationMailServiceSetup/MailService.asmx?wsdl,4,Bronze
109.0,90,24.1,97,73,67,84,2.0,10,WSDLInteropTestDocLitService,http://www.whitemesa.net/r3/InteropTestExtensibility.wsdl,2,Gold
148.0,72,8.3,72,73,78,84,17.5,62,StateCountryService,http://www.flash-db.com/services/ws/stateCountryList.wsdl,2,Gold
355.0,85,2.0,95,50,100,72,145.0,4,hmomentService,http://www.ebi.ac.uk/soaplab/emboss4/services/protein_2d_structure.hmoment.derived?wsdl,4,Bronze
470.43,43,4.5,43,78,78,89,8.29,2,ProFoxWS,http://www.leafe.com/ProFoxWS.wsdl,4,Bronze
156.29,93,0.8,98,60,100,74,52.29,4,SMSTextMessaging,http://ws.strikeiron.com/globalsmspro2_5?WSDL,3,Silver
214.0,88,3.7,96,73,100,84,23.0,88,BarCode,http://webservicex.net/genericbarcode.wsdl,1,Platinum
373.08,66,2.3,67,80,89,83,50.0,1,Service,http://macrowebservices.com/clients/sdg/ws/service.asmx?WSDL&v=6,4,Bronze
309.0,96,23.5,99,73,100,80,22.0,10,DownloadService,http://www.samsung.com/me/support/WcmsService/DownloadService.asmx?WSDL,1,Platinum
321.71,86,4.5,95,73,78,84,76.42,63,clover,http://biowulf.bu.edu/clover/wsdl,2,Gold
103.25,97,1.2,99,80,78,87,39.0,89,Codic_x0020_Engine.Net_x0020_Web_x0020_Service,http://www.phoenixpo.com/ce/codicservice.asmx?WSDL,1,Platinum
125.0,100,17.4,100,67,78,82,2.0,39,CPP_Status_Request,http://soap.cpp.com/CppSoapRequests/CppStatusRequest.asmx?wsdl,1,Platinum
208.4,94,1.1,98,73,100,84,9.2,37,einvertedService,http://genome.dkfz-heidelberg.de/menu/hobit/embapps/wsdl/einverted.wsdl,1,Platinum
405.0,85,6.5,95,73,89,62,16.3,93,ManageNumbers,http://webservices.kull.ch/Numbering/ManageNumbers.asmx?WSDL,2,Gold
219.0,87,2.8,96,73,78,80,17.0,87,K4THotelAvailWS,http://ws.keyfortravel.com/Hotel/hotelavail.asmx?wsdl,1,Platinum
304.44,97,9.2,99,67,100,77,9.0,61,TerraService,http://terraserver-usa.com/TerraService2.asmx?WSDL,1,Platinum
213.0,91,9.4,97,73,100,80,3.67,11,interopDocSvc,http://www.whitemesa.net/wsdl/interopdoc.wsdl,2,Gold
125.67,92,7.2,97,73,78,84,18.0,9,GoogleSearchService,http://svn.ndesk.org/cswiki/GoogleSearch.wsdl,3,Silver
83.0,87,15.2,96,73,78,62,1.0,93,KUAMNewsSyndicatedHeadlines,http://www.kuam.com/marketingprograms/kuamnews-syndicated.asmx?wsdl,1,Platinum
171.6,93,6.6,98,73,89,62,1.8,9,Servicio_ganaderos,http://eriste.aragob.es/WebServiceGanaderos/ganaderos.asmx?wsdl,3,Silver
261.09,85,5.4,86,53,89,66,69.13,1,AnalysisWSAppLabImplService,http://www.ebi.ac.uk/soaplab/emboss4/services/protein_3d_structure.domainrep?wsdl,4,Bronze
91.8,97,24.7,99,73,78,84,8.8,10,SendCustomForm,http://www.judypipkin.com/Apps/WebService/SendCustomForm.asmx?WSDL,1,Platinum
401.62,86,8.1,95,60,78,74,0.77,61,XigniteExchanges,http://www.xignite.com/xExchanges.asmx?WSDL,3,Silver
123.92,66,3.6,66,73,89,80,3.75,9,DataTypes,http://samples.gotdotnet.com/quickstart/aspplus/samples/services/DataTypes/VB/DataTypes.asmx?WSDL,4,Bronze
1019.75,99,4.5,97,73,100,84,868.25,32,FileShopHandler,http://www.smartsms.se/IPX/services/FileShop/fshandler.asmx?wsdl,2,Gold
179.0,79,2.8,79,73,89,80,29.75,7,XfccBasic,http://www.schemingmind.com/xfcc/xfccbasic.asmx?wsdl,3,Silver
81.0,98,2.8,100,80,100,83,2.0,33,addUpdateUsers,http://www.iperformonline.com/WebServices/employee/AddUpdateEmployee.asmx?wsdl,1,Platinum
223.5,72,11.9,72,73,89,75,8.0,65,RecommendationService,http://www.statsbiblioteket.dk/netbibservices/services/Recommendation?wsdl,2,Gold
126.0,94,1.9,98,60,100,74,37.67,8,USAddressVerification,http://ws.strikeiron.com/USAddressVerification?WSDL,3,Silver
338.82,85,0.4,85,53,89,66,140.68,3,AnalysisWSAppLabImplService,http://www.ebi.ac.uk/soaplab/emboss4/services/hmm.ehmmsearch?wsdl,4,Bronze
329.8,51,6.0,51,73,89,75,30.6,6,Departements,http://tic01.tic.ec-lyon.fr/~muller/cours/soap/server/wsdl-server.php?wsdl,4,Bronze
280.61,85,4.8,86,53,89,66,85.7,4,AnalysisWSAppLabImplService,http://www.ebi.ac.uk/soaplab/emboss4/services/nucleic_codon_usage.cusp?wsdl,4,Bronze
259.0,56,4.1,57,67,78,72,12.75,11,SeqnaviSoapApiService,http://pdbjs3.protein.osaka-u.ac.jp/seqnavi/soap/seqnavi.wsdl,4,Bronze
229.79,89,7.4,89,67,100,77,41.32,2,AWSECommerceService,http://webservices.amazon.com/AWSECommerceService/2005-03-23/DE/AWSECommerceService.wsdl,3,Silver
108.0,83,23.4,84,80,100,87,3.0,7,DatabindingPatterns,http://www.w3.org/2002/ws/databinding/edcopy/testsuite/documents/all/all.wsdl,1,Platinum
163.0,90,3.3,97,67,78,72,25.0,1,ReverseGeocodingService,http://www.viamichelin.com/ws/services/ReverseGeocoding?wsdl,4,Bronze
111.0,83,29.0,84,83,89,91,8.0,64,TemperatureService,http://www.echo.eos.nasa.gov/documents/wsdl/extended-services/TemperatureService.wsdl,1,Platinum
836.5,86,5.4,86,73,67,84,17.0,97,GoogleService,http://webservices.iter.dk/google.asmx?wsdl,2,Gold
221.48,90,10.9,97,53,89,66,37.26,6,AnalysisWSAppLabImplService,http://www.ebi.ac.uk/soaplab/emboss4/services/acd.acdc?wsdl,4,Bronze
322.0,95,21.8,98,73,100,80,132.0,12,FlightScheduleAggregatorService,http://www.pathfinder-xml.com/development/WSDL/FlightScheduleAggregatorService.wsdl,1,Platinum
234.0,87,15.4,96,73,100,80,2.0,61,HOSTSupplierContainerRunService,http://galaxy.sagadc.com/Galaxy/wsdl/HOSTSupplier.wsdl,1,Platinum
331.0,91,23.2,97,73,100,80,22.0,3,DownloadService,http://www.samsung.com/be-fr/support/WcmsService/DownloadService.asmx?WSDL,2,Gold
327.0,72,4.4,72,67,89,72,14.0,34,ndfdXML,http://www.nws.noaa.gov/forecasts/xml/SOAP_server/ndfdXMLserver.php?wsdl,4,Bronze
3625.06,64,1.3,65,73,78,80,3.94,3,EnGraphGPS,http://www.timhibbard.com/webservices/engraphgps/engraph.asmx?wsdl,4,Bronze
95.0,96,28.3,99,60,89,79,1.0,88,interop2C,http://www.cs.fsu.edu/~engelen/interop2C_2.wsdl,1,Platinum
301.8,98,1.2,100,73,100,84,8.2,31,cuspService,http://genome.dkfz-heidelberg.de/menu/hobit/embapps/wsdl/cusp.wsdl,2,Gold
348.0,100,2.4,100,67,78,72,16.8,5,RandomPlayer,http://www.00001001.ch/codeduel3/wsTest/TestPlayers/RandomPlayer.asmx?WSDL,3,Silver
166.5,87,16.7,96,67,89,82,59.5,12,CalculatorService,http://www.dmlsoftware.com/CalculatorWS/Service1.asmx?WSDL,2,Gold
305.0,83,26.9,84,83,89,91,1.0,12,ServicioSuma,http://petra.euitio.uniovi.es/~labra/ws/suma.php?wsdl,1,Platinum
327.86,94,6.3,98,67,100,77,4.22,91,FmWS,http://fm.flash8.net/FmWs.asmx?WSDL,1,Platinum
485.6,94,9.6,98,73,100,84,7.6,37,mergerService,http://genome.dkfz-heidelberg.de/menu/hobit/embapps/wsdl/merger.wsdl,1,Platinum
3163.2,93,2.3,98,73,78,62,40.2,6,Helper,http://www.learnasp.com/experiments/webservicebasics/whatever.asmx?wsdl,4,Bronze
451.0,23,1.8,24,42,78,74,334.1,7,NamebankServiceService,http://names.ubio.org/soap/index.php?wsdl,4,Bronze
254.0,84,1.9,85,73,89,75,7.0,3,WemCarts,http://www.alapage.com/webservices/putcartSoap.php?wsdl,3,Silver
164.33,95,15.2,98,73,78,84,13.33,9,EnvioSMS,http://www.ctme.deusto.es/enviarSMS/enviosms.asmx?wsdl,2,Gold
262.4,96,3.2,99,73,100,84,48.6,5,mwfilterService,http://www.ebi.ac.uk/soaplab/emboss4/services/protein_composition.mwfilter.derived?wsdl,2,Gold
159.5,98,2.8,100,73,78,80,16.5,37,BSXMLAddressSearch,http://ws.east-ayrshire.gov.uk/nlpg/eacbsxmlnlpgws/bsxmladdresssearch.asmx?wsdl,2,Gold
203.0,57,1.2,59,67,89,72,110.5,83,AddressFinder,http://arcweb.esri.com/services/v2/AddressFinder.wsdl,3,Silver
349.0,91,21.3,97,58,100,75,1.0,9,AdminService,http://developer.statsbiblioteket.dk/netbibservices/services/AdminService?wsdl,2,Gold
328.0,85,12.0,95,58,100,75,9.6,33,dotmatcherService,http://genome.dkfz-heidelberg.de/menu/hobit/embapps/wsdl/dotmatcher.wsdl,2,Gold
86.0,98,20.7,100,50,89,77,3.0,5,GtsInterfacesService,http://www.myyellow.com/dynamic/services/content/ecommerce/etools/webservices/gtsimplpondzc.wsdl,3,Silver
69.33,91,1.7,97,80,78,87,2.0,66,TNM_Gazetteer_Service,http://gisdata.usgs.gov/XmlWebServices/TNM_Gazetteer_Service.asmx?WSDL,1,Platinum
266.74,85,4.4,86,53,89,66,82.44,10,AnalysisWSAppLabImplService,http://www.ebi.ac.uk/soaplab/emboss4/services/utils_database_creation.scopparse?wsdl,4,Bronze
253.0,100,10.6,100,67,100,72,18.0,63,TerraService,http://logos.eecs.uic.edu/340Archive/340Fall04/assignments/codeSolutions/Mapsever/kradhakr1/CS340Assn4/Web%20References/com.terraserver-usa/TerraService.wsdl,1,Platinum
155.0,52,2.2,52,42,78,74,25.8,1,InteropServiceBService,http://www.mssoapinterop.org/remoting/ServiceB.soap?wsdl,4,Bronze
603.5,85,10.7,86,73,89,84,473.5,92,ErrorReporter,http://services.edneeis.com/ErrorReporting.asmx?wsdl,1,Platinum
111.5,72,21.3,72,73,100,84,1.0,4,GetInfoByNameService,http://www-128.ibm.com/developerworks/cn/websphere/library/techarticles/0401_liu_mandel/AddressBook.wsdl,2,Gold
84.0,91,30.9,97,73,89,62,21.0,8,Service1,http://aspalliance.com/dotnetsolutions/WebService4/Service1.asmx?wsdl,2,Gold
144.5,96,22.3,99,67,78,72,19.5,6,RouteCalculationService,http://www.viamichelin.com/ws/services/RouteCalculation?wsdl,3,Silver
238.4,95,1.3,98,73,100,84,9.2,36,einvertedService,http://genome.dkfz-heidelberg.de/menu/hobit/embapps/wsdl/einverted.wsdl,2,Gold
255.0,98,1.3,99,67,100,82,40.8,4,ehmmpfamService,http://www.ebi.ac.uk/soaplab/emboss4/services/hmm.ehmmpfam.derived?wsdl,2,Gold
99.66,97,15.5,98,67,78,82,22.63,5,ConferenceService,http://www.dsmsystem.com/conference/conference?WSDL,2,Gold
321.5,56,3.7,57,67,78,85,14.25,1,eZentrum-Webservices,http://bcomsoap.ezentrum.de/bcom_core.wsdl,4,Bronze
135.33,86,10.1,95,73,78,84,8.0,6,GoogleSearchService,http://search.cpan.org/src/ASCOPE/Net-Google-1.0/lib/Net/Google/Services/GoogleSearch.wsdl,3,Silver
144.75,56,10.7,56,73,89,75,4.5,1,CReasonerService,http://ws.comtec.e-technik.uni-kassel.de/axis/services/CReasoner?wsdl,4,Bronze
331.5,88,4.6,96,73,78,84,29.5,96,ICD9ToICD10,http://www.webservicex.net/icd9toicd10.asmx?WSDL,1,Platinum
2987.0,56,2.4,57,60,89,69,2092.5,11,testService,http://webservices.inbox.cc/test.cfc?WSDL,4,Bronze
215.0,98,1.6,100,73,78,84,3.0,9,AreaUnit,http://www.webservicex.net/ConvertArea.asmx?WSDL,3,Silver
64.0,93,9.9,98,80,78,65,2.0,11,categoryfeatures,http://citizenatlas.dc.gov/webservices/categoryfeatures.asmx?wsdl,3,Silver
617.67,88,7.1,96,73,100,84,13.67,11,ViewCountService,http://www.gameblog.cn/WebService/ViewCountService.asmx?wsdl,2,Gold
517.0,83,14.5,84,83,89,91,375.0,12,EmptySA,http://www.soapclient.com/interop/EmptySa.wsdl,2,Gold
86.86,100,19.7,100,73,78,80,1.0,88,Distance,http://voservices.net/Cosmology/ws_v1_0/Distance.asmx?wsdl,1,Platinum
166.43,65,2.0,66,80,89,87,10.93,60,TimeService,http://www.nanonull.com/TimeService/TimeService.asmx?wsdl,2,Gold
134.75,96,7.5,99,80,89,83,2.5,8,WSDLInteropTestDocLitService,http://www.whitemesa.net/r3/InteropTestDocLitParameters.wsdl,2,Gold
1036.2,87,3.8,95,33,78,59,11.48,8,GSXWS,http://gsxut.apple.com/gsxws.wsdl,4,Bronze
585.5,97,1.0,99,60,100,74,19.5,77,ResidentialLookup,http://ws.strikeiron.com/ResidentialLookup3?WSDL,2,Gold
3007.25,79,2.3,79,73,67,84,105.75,4,DataService,http://ja.gotdotnet.com/quickstart/aspplus/samples/services/DataService/VB/DataService.asmx?WSDL,4,Bronze
460.0,56,2.6,57,60,78,79,107.5,9,IAddress2service,http://webservices.hanft.de/wsdl/IAddress2,4,Bronze
179.5,72,4.1,73,60,100,74,7.5,33,TaxonomyManager,http://isb.oio.dk/oioservice/service/public/2/taxonomymanager.asmx?wsdl,3,Silver
192.47,26,3.0,27,53,78,66,35.74,12,FileStoreService,http://software.astrogrid.org/schema/vo-space/FileStore/v0.1/FileStore.wsdl,4,Bronze
224.0,75,14.8,76,78,89,89,3.33,8,sandriniWebService,http://www.sandrini-a.com/ws/sandrini.wsdl,2,Gold
214.0,100,26.7,100,73,78,88,2.0,1,Geolizer,http://www.dns02.de/geolizer/server.php?wsdl,1,Platinum
331.43,85,1.1,86,53,89,66,93.52,10,AnalysisWSAppLabImplService,http://www.ebi.ac.uk/soaplab/emboss4/services/nucleic_rna_folding.vrnasubopt?wsdl,4,Bronze
215.5,78,6.9,79,73,89,84,79.0,95,Hill,http://www.quisque.com/fr/chasses/crypto/hill.asmx?WSDL,1,Platinum
357.35,92,7.3,97,60,78,74,2.1,91,XigniteHistorical,http://www.xignite.com/xHistorical.asmx?WSDL,2,Gold
132.0,89,5.0,96,73,78,84,4.0,3,AccelerationUnit,http://www.webservicex.net/ConvertAcceleration.asmx?WSDL,3,Silver
238.0,87,3.8,96,80,89,65,1.17,64,nEkaWebService,http://neka.activirtual.net/nEkaWebService/nEkaWebService.asmx?WSDL,2,Gold
421.0,86,9.7,86,73,78,84,2.5,87,Calculator,http://webservices.iter.dk/calculator.asmx?wsdl,1,Platinum
308.0,85,2.8,85,53,89,66,93.74,12,AnalysisWSAppLabImplService,http://www.ebi.ac.uk/soaplab/emboss4/services/alignment_consensus.cons?wsdl,4,Bronze
233.4,91,1.4,97,58,100,75,7.2,32,pepwindowService,http://genome.dkfz-heidelberg.de/menu/hobit/embapps/wsdl/pepwindow.wsdl,3,Silver
396.0,72,6.7,72,67,89,72,10.0,93,ndfdXML,http://www.weather.gov/forecasts/xml/DWMLgen/wsdl/ndfdXML.wsdl),2,Gold
334.71,43,4.4,43,73,89,75,14.85,1,ESVService,http://www.gnpcb.org/esv/share/soap/?wsdl,4,Bronze
474.0,89,11.5,96,58,89,69,196.0,8,ValidateSQL99Service,http://sqlvalidator.mimer.com/v1/services/SQL99Validator?wsdl,4,Bronze
165.0,83,27.0,84,83,89,91,2.0,9,VersionService,http://developer.statsbiblioteket.dk/netbibservices/services/Version?wsdl,1,Platinum
4845.67,94,1.7,95,73,100,80,24.34,11,Api,http://www.epostservice.se/ws/api_10.asmx?wsdl,4,Bronze
373.0,94,20.3,98,80,100,87,20.0,4,SerClsRecolectaService,http://sis-d5.sermepa.es/iconos/wsdl/SerClsRecolecta1d0.wsdl,1,Platinum
186.0,93,5.5,98,73,78,80,1.33,91,InsumaFocus,http://www.insuma.de/wsdl/demo.wsdl,1,Platinum
142.0,89,6.8,96,73,78,84,11.0,6,GoogleSearchService,http://www-personal.umich.edu/~mlapp/595/GoogleSearch.wsdl,3,Silver
599.0,85,10.3,95,73,78,84,2.0,35,CommuneInfoService,http://www.supplychainserver.com/webservices/CommuneInfoservice.asmx?wsdl,2,Gold
443.4,95,1.6,98,67,100,82,40.8,6,fpromlkService,http://www.ebi.ac.uk/soaplab/emboss4/services/phylogeny_molecular_sequence.fpromlk.derived?wsdl,3,Silver
124.0,92,7.6,97,73,78,84,9.33,6,GoogleSearchService,http://hermes.arts.cuhk.edu.hk/~ledowong/xquery2/galax-0.4.0/examples/wsdl/apache/GoogleSearch.wsdl,3,Silver
189.78,85,9.7,95,53,100,76,41.56,34,CensusData,http://ws.strikeiron.com/CensusData?WSDL,3,Silver
375.0,93,11.2,98,73,100,84,9.8,42,distmatService,http://genome.dkfz-heidelberg.de/menu/hobit/embapps/wsdl/distmat.wsdl,1,Platinum
117.5,89,3.2,96,73,78,84,0.5,89,USNG,http://gisdata.usgs.net/XMLWebServices/USNG.asmx?WSDL,1,Platinum
152.0,96,24.2,99,73,78,80,12.0,5,SOAPSend,http://www.mxtelecom.com/uk/tech/sms/html/uk/tech/sms/xml/wapmx-sms.wsdl,2,Gold
93.93,80,2.1,80,67,78,82,3.72,60,interop2,http://www.cs.fsu.edu/~engelen/interop2.wsdl,3,Silver
219.2,94,1.1,98,73,100,84,8.4,40,revseqService,http://genome.dkfz-heidelberg.de/menu/hobit/embapps/wsdl/revseq.wsdl,1,Platinum
470.0,99,0.5,100,60,100,79,14.0,9,ZacksConsensus,http://ws.strikeiron.com/ZacksConsensus?WSDL,3,Silver
356.96,85,2.2,85,53,89,66,133.7,7,AnalysisWSAppLabImplService,http://www.ebi.ac.uk/soaplab/emboss4/services/phylogeny_molecular_sequence.fdnapenny?wsdl,4,Bronze
629.0,92,2.1,97,50,78,66,15.0,1,TraceFinder3BPService,http://140.115.51.161:8080/bpelengine/services/TraceFinder3BP?wsdl,4,Bronze
137.0,83,17.9,84,73,89,75,8.0,9,CarCalculatorServiceService,http://www.fair.dk/fair/services/CarPriceService?wsdl,3,Silver
220.4,85,15.6,95,58,100,75,5.8,39,danService,http://genome.dkfz-heidelberg.de/menu/hobit/embapps/wsdl/dan.wsdl,2,Gold
386.5,93,11.3,98,73,89,62,69.5,91,The_x0020_Dolls_x0020_Gallery_x0020_Store_x0020__x0028_Web_x0020_Service_x0029_,http://www.aridolan.com/dollstore/InstantOrder.asmx?wsdl,1,Platinum
175.5,86,14.0,86,73,89,84,69.0,1,XmlHttpCheck,http://www.loopnet.com/xNet/MainSite/WebServices/XmlHttpUtility/XmlHttpCheck.asmx?wsdl,3,Silver
287.22,85,3.5,86,53,89,66,101.05,5,AnalysisWSAppLabImplService,http://www.ebi.ac.uk/soaplab/emboss4/services/nucleic_cpg_islands.cpgreport?wsdl,4,Bronze
192.67,63,10.5,63,42,100,69,4.67,6,RetsinfoService,http://rep.oio.dk/retsinfo.dk/xml/wsdl/2005/08/04/Retsinfo_resolved.wsdl,4,Bronze
115.0,96,28.0,99,73,100,84,1.0,8,Compound2,http://mssoapinterop.org/asmx/WSDL/compound2.wsdl,1,Platinum
277.25,97,7.6,99,73,100,80,90.75,2,Localita,http://www.hypercheck.it/webservices/localita.asmx?WSDL,2,Gold
168.33,87,1.5,96,73,89,62,0.66,12,Servicio_Estadistica,http://eriste.aragob.es/WebServiceEstadistica/WebServiceEstadistica.asmx?WSDL,3,Silver
189.0,83,22.2,84,73,100,84,7.0,8,IsPublicationScientific,http://isb.oio.dk/cmsweb/WsdlWebTool/UserFiles/WsdlDef958958/IsPublicationScientific.wsdl,2,Gold
386.44,27,6.0,28,60,78,79,8.2,9,IACHSOAPservice,http://soap.achchex.com/exec/achsoap.dll/wsdl/IACHSOAP,4,Bronze
317.8,90,1.3,97,67,100,82,46.2,9,vrnaheatService,http://www.ebi.ac.uk/soaplab/emboss4/services/nucleic_rna_folding.vrnaheat.derived?wsdl,3,Silver
116.0,87,18.6,96,60,89,69,7.56,12,MainService,http://infoknowledgebase.com/servlet/services/Main?wsdl,3,Silver
2324.27,93,1.6,93,60,78,74,1591.09,10,pbx,http://www.innovaphone.de/wsdl/pbx501.wsdl,4,Bronze
57.32,54,10.4,54,67,89,82,1.76,40,AreasAndVolumes,http://hooch.cis.gsu.edu/bgates/MathStuff/Mathservice.asmx?wsdl,3,Silver
220.0,95,22.0,98,80,100,87,21.0,6,checkVatService,http://ec.europa.eu/taxation_customs/vies/api/checkVatPort?wsdl,1,Platinum
122.93,93,16.0,98,60,100,74,12.5,67,SchemaWeb,http://www.schemaweb.info/webservices/soap/SchemaWebSoap.asmx?wsdl,1,Platinum
602.0,90,18.7,96,73,100,84,19.0,12,Calculo,http://www.metromadrid.es/redmetro/calculo/Calculo.asmx?WSDL,1,Platinum
3273.75,84,1.6,85,73,78,88,11.13,8,OTNDeptEmp,http://webservices.oracle.com/ws/emp/oracle.ws.scott.OTNDeptEmp?WSDL,4,Bronze
283.74,86,3.3,87,53,89,66,96.78,5,AnalysisWSAppLabImplService,http://www.ebi.ac.uk/soaplab/emboss4/services/protein_composition.checktrans?wsdl,4,Bronze
138.0,86,15.4,95,73,100,84,15.0,41,Session,http://www.abctext.com/webservices/Session.asmx?wsdl,1,Platinum
418.6,99,4.7,100,73,89,62,1.4,6,PTTInfo,http://www.pttplc.com/pttinfo.asmx?wsdl,3,Silver
123.83,99,16.9,100,73,78,62,19.0,91,HolidayService,http://www.27seconds.com/Holidays/HolidayService.asmx?WSDL,1,Platinum
293.09,86,5.1,87,53,89,66,90.87,4,AnalysisWSAppLabImplService,http://www.ebi.ac.uk/soaplab/emboss4/services/edit.entret?wsdl,4,Bronze
113.0,92,28.4,97,80,89,87,6.0,8,HoroscopeService,http://groups.sims.berkeley.edu/usable-accessibility/CLASS_GODZODIACK/Godzodiack.wsdl,1,Platinum
158.1,61,8.6,62,73,89,84,10.7,89,TwsPLNBUpdate,http://plnb.net/uwsPLNBUpdate.asmx?wsdl,2,Gold
338.2,99,5.6,100,73,100,80,46.0,4,MailingList,http://www.whizspark.com/WebServices/MailingList.asmx?wsdl,2,Gold
111.08,86,13.6,86,53,89,66,13.32,25,ProDA_WebServices,http://mahour.usc.edu/proda/WebServices.asmx?WSDL,3,Silver
51.67,98,0.8,100,73,78,84,0.67,38,TaxData,http://www.strikeiron.com/WebServices/taxdata.asmx?WSDL,2,Gold
140.5,97,18.0,99,73,78,84,50.0,40,PipelineManagerALE,http://webservices.katabat.com/pipelines/pipemanagerale.asmx?WSDL,1,Platinum
148.5,98,11.4,99,73,89,62,1.0,5,GFCore,http://geoserver.teletouch.com/gfcorenet/gfcore.asmx?wsdl,3,Silver
310.25,22,2.8,22,42,78,74,194.3,5,NamebankServiceService,http://names.mbl.edu/soap/index.php?wsdl,4,Bronze
137.75,78,13.4,78,73,89,84,1.75,89,CualEsMiIP,http://ws.e-mision.net/cualesmiip.asmx?wsdl,1,Platinum
160.0,83,25.7,84,78,89,89,3.0,7,AnnotateService,http://eso.vse.cz/~labsky/cgi-bin/ie.wsdl,1,Platinum
97.0,90,7.3,91,73,78,84,2.2,56,interop2B,http://www.cs.fsu.edu/~engelen/interop2B.wsdl,2,Gold
269.5,86,11.8,95,73,89,62,62.5,32,InstantOrder,http://www.pqsweb.com/storedemo/InstantOrder.asmx?wsdl,3,Silver
69.0,56,8.0,56,83,89,91,8.25,2,RsvmService,http://staff.vbi.vt.edu/pathport/services/wsdls/rsvm.wsdl,3,Silver
237.75,98,2.3,100,72,33,86,9.33,9,Interop,http://mssoapinterop.org/stk/InteropTyped1999.wsdl,4,Bronze
478.5,99,8.4,100,42,89,62,7.0,33,RepositoryInformation,http://isb.oio.dk/oioservice/service/public/3/open/repositoryinformation.asmx?WSDL,4,Bronze
110.0,83,20.8,84,58,78,84,6.0,7,SearchService,http://csua.berkeley.edu/~mjm/ss.wsdl,3,Silver
371.17,74,2.7,74,73,78,84,111.84,89,OfficeResearch,http://www.gama-system.com/webservices/officeresearchonline.asmx?wsdl,2,Gold
227.62,8,6.9,8,67,89,72,5.01,11,AllegroWebApiService,http://webapi.allegro.pl/uploader.php?wsdl,4,Bronze
3768.33,63,1.4,63,83,50,91,1991.0,56,ASPNNewsFeeds,http://aspn.activestate.com/ASPN/News/News.wsdl,4,Bronze
303.43,85,1.8,86,53,89,66,116.73,4,AnalysisWSAppLabImplService,http://www.ebi.ac.uk/soaplab/emboss4/services/alignment_dot_plots.dotpath?wsdl,4,Bronze
325.25,56,8.1,56,67,78,85,56.5,7,IWSDLPublishservice,http://webservices.hanft.de/wsdl/IWSDLPublish,4,Bronze
146.5,86,10.7,86,73,78,84,75.0,7,RetrieveSingleRegistrationManager,http://www.regonline.com/webservices/RetrieveSingleRegistration.asmx?WSDL,3,Silver
324.67,97,4.1,98,80,78,87,77.67,42,captchaWebService,http://www.axisebusiness.com/adnano/codesamples/captcha/captchaWebService/captchaWebService.asmx?wsdl,2,Gold
472.8,96,10.2,99,58,100,75,6.4,36,cirdnaService,http://genome.dkfz-heidelberg.de/menu/hobit/embapps/wsdl/cirdna.wsdl,2,Gold
109.0,99,30.7,100,67,100,82,1.0,40,Measurement,http://www.v-tis.net/VtisFluid/Measurement.asmx?wsdl,1,Platinum
317.59,91,7.7,92,67,100,72,46.24,5,QueryService,http://www.ebi.ac.uk/ontology-lookup/OntologyQuery.wsdl,3,Silver
82.0,83,38.7,84,80,89,57,2.0,3,dConverterSOAP,http://www.siliconllama.com/services/wsdl/dConverterService.wsdl,2,Gold
284.0,91,3.7,97,73,78,80,28.0,95,K4THotelSellWS,http://ws.keyfortravel.com/webservices/K4THotelSell.asmx?wsdl,1,Platinum
123.7,93,15.9,98,67,100,82,0.7,96,XWebLead,http://ws.xwebservices.com/XWebLead/XWebLead.asmx?wsdl,1,Platinum
141.0,100,9.5,100,73,78,84,9.0,6,GoogleSearchService,http://jacques.dsc.ufcg.edu.br/palestras/webservices/google/googleapi/GoogleSearch.wsdl,2,Gold
206.0,88,22.4,96,80,100,87,25.0,32,CRMService_v1,http://sws-challenge.org/moon/services/CRMService?WSDL,1,Platinum
225.2,93,2.2,98,73,100,84,6.2,31,whichdbService,http://genome.dkfz-heidelberg.de/menu/hobit/embapps/wsdl/whichdb.wsdl,2,Gold
340.2,97,1.2,99,67,100,82,39.6,10,supermatcherService,http://www.ebi.ac.uk/soaplab/emboss4/services/alignment_local.supermatcher.derived?wsdl,2,Gold
1418.27,87,2.1,88,73,78,84,53.27,4,WSWUBlastService,http://www.ebi.ac.uk/Tools/webservices/wsdl/WSWUBlast.wsdl,4,Bronze
165.0,89,13.6,96,80,78,87,2.0,63,HelloService,http://server.ics.lu.se/erdis/student1/hello.wsdl,1,Platinum
473.67,63,7.9,63,67,78,72,7.34,4,DistrictServiceService,http://www.arikan.at/axis/services/DistrictService?wsdl,4,Bronze
78.0,100,35.3,100,67,78,72,1.0,63,CogoService,http://envinsaonline.mapinfo.com/Cogo/services/Cogo?wsdl,1,Platinum
107.57,89,2.2,96,73,100,80,5.71,2,MyAmazonSecure,http://www.cs.berkeley.edu/~jingtaow/course/webservices/MyAmazonSecure.wsdl,3,Silver
63.83,19,5.1,20,60,78,79,3.92,1,AmazonSearchService,http://soap.amazon.com/schemas2/AmazonWebServices.wsdl,4,Bronze
214.8,91,15.4,97,73,89,62,11.0,2,dbEMSW2,http://portal.emswireless.com/WebService/dbEMSW2.asmx?wsdl,3,Silver
177.0,83,17.2,84,73,89,84,18.0,8,BarCodesService,http://www.flash-db.com/services/ws/barCodes.wsdl,2,Gold
63.25,98,25.6,100,67,78,66,10.25,30,SIAP,http://skyserver.sdss.org/vo/dr2siap/SIAP.asmx?wsdl,2,Gold
252.0,100,20.6,100,58,100,75,1.0,4,DistanceService,http://dist.netpas.net/NPService/services/DistanceServiceSOAP?WSDL,2,Gold
161.0,98,17.6,100,73,78,62,50.2,91,GBNIRHolidayService,http://www.holidaywebservice.com/Holidays/GBNIR/GBNIRHolidayService.asmx?wsdl,1,Platinum
104.0,99,1.1,100,73,78,80,1.33,59,DOTSYellowPages,http://ws2.serviceobjects.net/yp/YellowPages.asmx?WSDL,2,Gold
263.8,94,2.3,98,50,100,72,40.6,3,bananaService,http://www.ebi.ac.uk/soaplab/emboss4/services/nucleic_composition.banana.derived?wsdl,4,Bronze
281.8,93,1.3,98,73,100,84,7.2,41,prophecyService,http://genome.dkfz-heidelberg.de/menu/hobit/embapps/wsdl/prophecy.wsdl,1,Platinum
280.7,85,4.2,86,53,89,66,64.96,6,AnalysisWSAppLabImplService,http://www.ebi.ac.uk/soaplab/emboss4/services/nucleic_composition.wordcount?wsdl,4,Bronze
126.0,83,18.4,84,73,89,80,12.0,64,CompanyInfoService,http://www.flash-db.com/services/ws/companyInfo.wsdl,1,Platinum
332.5,71,11.8,72,83,89,91,4.5,39,RefSeq,http://xml.nig.ac.jp/wsdl/RefSeq.wsdl,2,Gold
347.2,85,1.9,95,58,100,75,8.8,32,plotconService,http://genome.dkfz-heidelberg.de/menu/hobit/embapps/wsdl/plotcon.wsdl,3,Silver
275.0,88,4.0,96,50,78,66,20.0,8,TRMStandardVersionService,http://140.115.51.161:8080/bpelengine/services/TRMStandardVersion?wsdl,4,Bronze
151.0,89,1.9,96,60,100,74,45.33,10,FrenchAddressVerification,http://ws.strikeiron.com/FrenchAddressVerification?WSDL,3,Silver
201.8,94,1.6,98,73,100,84,8.0,40,patmatdbService,http://genome.dkfz-heidelberg.de/menu/hobit/embapps/wsdl/patmatdb.wsdl,1,Platinum
124.17,94,2.1,98,73,100,80,30.84,37,XFormWebService,http://xform.metaverse.cc/xformservice.asmx?wsdl,2,Gold
256.2,92,13.7,97,58,100,75,9.6,41,cpgplotService,http://genome.dkfz-heidelberg.de/menu/hobit/embapps/wsdl/cpgplot.wsdl,2,Gold
41.0,83,24.0,84,60,89,74,3.0,65,WQS,http://www.netnumber.com/content/developer/wqs.wsdl,2,Gold
121.0,87,22.6,95,67,100,83,9.0,4,Compound1,http://mssoapinterop.org/stkv3/wsdl/Compound1.wsdl,2,Gold
128.5,97,17.0,99,73,78,62,16.5,92,HolidayService,http://www.holidaywebservice.com/Holidays/HolidayService.asmx?WSDL,1,Platinum
144.75,98,2.1,100,73,78,84,2.25,9,CalculationService,http://www.fitnesswizard.com/Services/CalculationService.asmx?WSDL,3,Silver
365.5,79,2.5,79,73,78,84,18.25,90,SearchDnevnikSi,http://www.gama-system.com/webservices/searchdnevniksi.asmx?wsdl,2,Gold
158.0,100,23.3,100,80,89,87,1.0,10,SmsApiService,http://europe.ipx.com/api/services/SmsApi50?wsdl,1,Platinum
138.0,85,33.0,95,73,100,84,13.0,12,ATTSMS,http://www.jaredmonaco.com/ATTSMS.asmx?WSDL,1,Platinum
136.71,76,2.8,76,60,89,69,11.57,8,WSDBFetchServerLegacyService,http://www.embl-ebi.ac.uk/Tools/webservices/wsdl/WSDbfetch.wsdl,4,Bronze
137.25,92,2.7,97,73,100,84,17.75,12,TwsLoan,http://www.pine-grove.com/Services/wsLoan.asmx?WSDL,2,Gold
188.38,69,9.9,70,73,67,84,52.13,87,AircraftData,http://www.jangle.net/ws/AircraftData.asmx?wsdl,2,Gold
151.4,53,5.6,54,73,67,84,88.4,34,ACMEProducts,http://www.xmlforasp.net/CodeBank/webservices/ACMECorp/ACMECorp.asmx?wsdl,4,Bronze
1377.55,88,1.6,88,73,78,84,41.37,6,WSWUBlastService,http://www.embl-ebi.ac.uk/Tools/webservices/wsdl/WSWUBlast.wsdl,4,Bronze
114.0,86,11.3,95,73,78,84,6.33,1,GoogleSearchService,http://theblackonion.iespana.es/mt/lib/mt/googlesearch.wsdl,3,Silver
181.7,34,3.5,34,73,78,84,41.7,57,AAIService,http://location.openwave.com:8080/locationstudio/webservices/aai.wsdl,4,Bronze
1334.0,100,8.3,100,73,100,80,89.0,32,GetEntertainmentListingsService,http://services.chumcity.net/CityTV/Entertainment/GetEntertainmentListingsService.asmx?WSDL,2,Gold
462.5,78,2.7,79,73,67,84,177.5,66,Source_x0020_Code_x0020_Community_x0020_WebService,http://www.codecommunity.de/sccwebservice.asmx?wsdl,3,Silver
543.0,95,9.3,99,73,100,84,7.4,42,notseqService,http://genome.dkfz-heidelberg.de/menu/hobit/embapps/wsdl/notseq.wsdl,1,Platinum
38.0,71,1.9,71,67,89,77,0.88,38,SCADA_LM,http://www.multispeak.org/interface/30j/3_SCADA_LM.asmx?WSDL,3,Silver
53.0,83,21.0,84,60,89,69,4.0,6,XMLPortalService,http://www.lexel.com/EnvGXLogin/html/BerwickXMLPortal.html,3,Silver
140.0,86,8.3,86,73,78,84,2.0,34,XmlDailyFact,http://www.xmlme.com/WSDailyXml.asmx?wsdl,2,Gold
137.0,83,21.6,84,73,89,84,7.0,62,myService,http://www.ccp4.ac.uk/ccp4/wsdl/matthews.wsdl,1,Platinum
164.0,94,13.6,98,73,78,80,22.29,91,Context,http://pc-tambura.ipsi.fhg.de/runtimetools/Web%20References/com.taxonomy.ipsi.fhg/Context.wsdl,1,Platinum
134.83,99,2.4,100,58,67,75,25.16,7,DimeInterop,http://mssoapinterop.org/stkV3/dime/dime-doc.wsdl,4,Bronze
579.5,78,6.0,78,67,67,82,397.25,41,ArticleService,http://www.yazgelistir.com/YGServices/ArticleService.asmx?wsdl,4,Bronze
257.2,87,1.7,95,58,100,75,8.4,33,wobbleService,http://genome.dkfz-heidelberg.de/menu/hobit/embapps/wsdl/wobble.wsdl,3,Silver
124.67,85,16.6,95,73,78,88,48.34,2,Award,http://rnsdemo.rnsolutions.com/dcis/wsdl/GUIServices/DataCollection/contracts/1.2/Award.wsdl,2,Gold
141.5,93,15.9,98,50,78,66,11.38,90,Service,http://www.csoft.co.uk/dtd/sendsms4.wsdl,2,Gold
1067.67,63,1.9,64,83,89,91,751.34,38,Blast,http://twiki.mygrid.info/twiki/pub/Mygrid/TempWSDL/Blast_search_noparam.wsdl,3,Silver
185.0,83,33.7,84,80,78,83,1.0,10,walker_service,http://www.walkermowers.com/ws/opei/claimc.wsdl,2,Gold
344.0,95,23.2,98,73,100,80,18.0,5,DownloadService,http://www.samsung.com/latin/support/WcmsService/DownloadService.asmx?WSDL,1,Platinum
115.4,97,10.1,99,67,78,77,59.36,59,TNPubServicesXML,http://tnwebservicespublic-test.ticketsoftware.net/webservices/TNPubServicesXML.asmx?WSDL,2,Gold
235.9,61,4.0,61,73,67,84,86.9,88,TheHolyBible,http://www.francisshanahan.com/TheHolyBible.asmx?wsdl,3,Silver
155.75,90,13.8,97,73,78,84,15.25,89,LanguageDictionary,http://pc-tambura.ipsi.fhg.de/AuthoringTools/LanguageDictionary/LanguageDictionary.asmx?WSDL,1,Platinum
252.59,57,4.8,58,67,78,82,50.59,90,StockQuotes,http://www.gama-system.com/webservices/stockquotes.asmx?wsdl#StockQuotesSoap,3,Silver
197.07,26,5.2,26,53,100,66,27.27,29,ReviewRequestManager,http://rep.oio.dk/Infostructurebase/documantation/2004/09/29/reviewrequestmanager.wsdl,4,Bronze
379.0,63,5.6,63,73,78,88,18.67,7,OTNHelloWorld,http://webservices.oracle.com/ws/mobile/oracle.ws.OTNHelloWorld?WSDL,4,Bronze
300.8,86,2.2,95,73,100,84,6.4,33,caiService,http://genome.dkfz-heidelberg.de/menu/hobit/embapps/wsdl/cai.wsdl,2,Gold
308.88,18,6.0,19,60,100,74,4.13,2,Onegroupservice,http://www.onegrp.com/onegroupservice.asmx?wsdl,4,Bronze
90.12,69,6.5,70,73,89,84,21.37,12,DictionaryManager,http://webservices.sevder.com/DictionaryManager.asmx?wsdl,3,Silver
298.2,98,0.9,99,67,100,82,59.4,7,prettyseqService,http://www.ebi.ac.uk/soaplab/emboss4/services/display.prettyseq.derived?wsdl,2,Gold
49.53,53,15.0,54,60,89,69,0.82,32,CB_CD,http://www.multispeak.org/interface/30j/2B_CB_CD.asmx?wsdl,4,Bronze
111.0,56,13.8,56,83,89,91,6.0,2,TfscanService,http://www.vbi.vt.edu/~pathport/services/wsdls/tfscan.wsdl,3,Silver
266.33,85,1.1,95,67,78,85,11.44,7,TargetServiceBinding,http://ariadne.cs.kuleuven.ac.be/AWS/services/TargetService?wsdl,3,Silver
136.0,56,5.3,57,50,89,66,7.0,2,UpdateService,http://www.msdomino.net/orders.nsf/order_update?wsdl,4,Bronze
131.38,99,15.4,100,60,89,69,12.19,7,MainService,http://www.infoknowledgebase.com/servlet/services/Main?wsdl,3,Silver
130.75,95,21.7,98,73,78,80,8.0,10,CafePressServices,http://api.cafepress.com/index.asmx?wsdl,2,Gold
67.5,86,6.0,86,73,78,80,1.5,95,check,http://ws.cdyne.com/spellchecker/check.asmx?wsdl,1,Platinum
250.8,100,1.4,100,50,100,72,42.4,12,sycoService,http://www.ebi.ac.uk/soaplab/emboss4/services/nucleic_codon_usage.syco.derived?wsdl,3,Silver
287.93,100,6.9,100,67,78,77,17.73,88,ABRXMLSearch,http://www.abr.business.gov.au/abrxmlsearch/abrxmlsearch.asmx?wsdl,1,Platinum
440.75,89,1.3,96,73,78,84,13.0,11,SMSGateway,http://www.smsdome.com/portalvbvs/services/smsgateway.asmx?wsdl,3,Silver
604.33,63,6.8,63,67,78,72,6.66,7,BankServiceService,http://www.arikan.at/axis/services/BankService?wsdl,4,Bronze
202.04,97,9.9,99,60,89,74,6.92,40,DocApi,http://soap.centerpost.com/DocApi.asmx?wsdl,2,Gold
122.0,99,34.3,100,73,78,84,8.0,12,WSDLInteropTestListService,http://www.whitemesa.com/r3/InteropTestList.wsdl,1,Platinum
220.96,87,11.1,95,53,89,66,40.44,2,AnalysisWSAppLabImplService,http://www.ebi.ac.uk/soaplab/emboss4/services/utils_database_creation.cathparse?wsdl,4,Bronze
374.67,63,6.3,63,73,89,62,15.67,91,Nearest_x0020_Service,http://lbs.wheresoft.com/api/wssp/nearestservice.asmx?wsdl,3,Silver
140.92,94,12.6,95,73,89,62,43.17,11,Lists,http://www.lacooperativa.org/_vti_bin/Lists.asmx?wsdl,3,Silver
222.6,85,1.0,95,58,100,75,8.4,33,pepnetService,http://genome.dkfz-heidelberg.de/menu/hobit/embapps/wsdl/pepnet.wsdl,3,Silver
146.5,90,17.6,97,73,100,80,3.0,8,SynonymsService,http://wortschatz.uni-leipzig.de/axis/services/Synonyms?wsdl,2,Gold
208.8,94,1.9,98,73,100,84,6.6,40,prettyseqService,http://genome.dkfz-heidelberg.de/menu/hobit/embapps/wsdl/prettyseq.wsdl,1,Platinum
234.5,89,23.7,96,78,89,89,106.0,9,WebServiceAgentService,http://oscar.snapps.com/portal.nsf/WebServiceAgent.wsdl,1,Platinum
330.0,83,15.6,84,67,78,72,3.0,8,GeoCodeSrvService,http://freemosp.51ditu.com/wsdl/GeoCodeSrv.wsdl,3,Silver
131.36,90,2.3,97,60,67,79,4.0,10,Interop,http://mssoapinterop.org/stk/LoggedInterop.wsdl,4,Bronze
218.2,93,2.4,98,73,78,84,6.8,40,domainsweepService,http://genome.dkfz-heidelberg.de/menu/hobit/embapps/wsdl/domainsweep.wsdl,2,Gold
139.08,65,11.7,65,60,78,62,61.5,41,HotelsService,http://ws1.touricoholidays.com/HotelsService.asmx?wsdl,4,Bronze
379.6,89,11.0,96,73,100,84,6.0,38,eprimer3Service,http://genome.dkfz-heidelberg.de/menu/hobit/embapps/wsdl/eprimer3.wsdl,1,Platinum
411.12,39,6.2,39,73,100,84,24.87,38,MapService,http://lbs.wheresoft.com/api/wssp/mapservice.asmx?wsdl,4,Bronze
201.12,44,0.9,44,67,89,72,112.87,65,MapImage,http://arcweb.esri.com/services/v1/MapImage.wsdl,4,Bronze
314.0,90,24.6,97,73,100,80,21.0,6,DownloadService,http://www.samsung.com/in/support/WcmsService/DownloadService.asmx?WSDL,1,Platinum
83.0,92,24.8,97,73,78,84,10.6,9,SendCustomForm,http://www.realreports.info/Apps/WebService/SendCustomForm.asmx?WSDL,2,Gold
306.8,90,12.7,97,73,100,84,9.0,35,mergerService,http://genome.dkfz-heidelberg.de/menu/hobit/embapps/wsdl/merger.wsdl,1,Platinum
133.67,96,8.7,99,73,78,80,0.67,11,WSDLInteropTestDocLitParameters,http://mssoapinterop.org/asmx/WSDL/InteropTestDocLitParameters.wsdl,3,Silver
280.17,85,3.9,86,53,89,66,97.74,9,AnalysisWSAppLabImplService,http://www.ebi.ac.uk/soaplab/emboss4/services/protein_composition.iep?wsdl,4,Bronze
407.0,85,19.1,95,58,89,75,32.0,11,AdminService,http://passport.sme.gov.cn/services/AdminService?wsdl,3,Silver
255.0,86,19.5,87,83,89,91,11.0,2,ExPtLinkSampleService,http://trans.nict.go.jp/axis/services/ExPtLinkSampleService?wsdl,1,Platinum
706.0,86,3.2,95,73,78,84,15.5,31,UDDIBusinessFinder,http://www.webservicex.com/UDDIBusinessFinder.asmx?WSDL,3,Silver
408.0,83,15.2,84,83,89,91,3.0,6,VersionService,http://passport.sme.gov.cn/services/Version?wsdl,2,Gold
126.17,98,12.0,100,67,78,82,22.77,89,GBNIRHolidayDates,http://www.holidaywebservice.com/Holidays/GBNIR/Dates/GBNIRHolidayDates.asmx?WSDL,1,Platinum
3071.5,90,1.4,97,80,78,87,19.75,38,NAICS,http://www.webservicex.com/NAICS.asmx?wsdl,3,Silver
232.2,85,1.8,95,73,78,84,5.8,34,twodsweepService,http://genome.dkfz-heidelberg.de/menu/hobit/embapps/wsdl/twodsweep.wsdl,3,Silver
494.8,97,9.6,99,73,100,84,10.2,38,emmaService,http://genome.dkfz-heidelberg.de/menu/hobit/embapps/wsdl/emma.wsdl,1,Platinum
46.05,89,20.7,96,67,100,77,4.48,8,AWSMechanicalTurkRequester,http://mechanicalturk.amazonaws.com/AWSMechanicalTurk/2005-10-01/AWSMechanicalTurkRequester.wsdl,2,Gold
59.0,88,28.6,96,73,89,62,2.0,93,NRA_x0020_ILA_x0020_News_x0020_Syndication,http://www.nraila.org/Services/News.asmx?WSDL,1,Platinum
335.58,65,8.9,66,73,78,80,3.75,11,DataTypes,http://aspalliance.com/quickstart/aspplus/samples/services/DataTypes/VB/DataTypes.asmx?wsdl,4,Bronze
133.62,70,4.9,70,73,89,84,2.37,5,MathService,http://samples.gotdotnet.com/quickstart/aspplus/samples/services/mathservice/cs/mathservice.asmx?wsdl,3,Silver
524.0,94,22.5,98,67,89,85,22.0,65,TestService,http://www.bengoodger.com/software/mb/umo/test.wsdl,1,Platinum
159.5,78,6.8,79,60,89,79,84.75,87,AccountService,http://www.fmnsoft.com/AccountService.asmx?wsdl,2,Gold
390.0,72,16.2,72,78,89,89,119.0,11,PlaceCatalogService,http://oscar.snapps.com/portal.nsf/PlaceCatalog?WSDL,3,Silver
168.17,93,14.2,98,73,78,62,18.5,92,Html2XmlServices,http://www.html2xml.nl/Services/html2xml/version1/Html2Xml.asmx?WSDL,1,Platinum
215.6,87,1.6,95,73,100,84,10.8,32,stssearchService,http://genome.dkfz-heidelberg.de/menu/hobit/embapps/wsdl/stssearch.wsdl,2,Gold
346.39,85,2.6,86,53,89,66,110.48,2,AnalysisWSAppLabImplService,http://www.ebi.ac.uk/soaplab/emboss4/services/phylogeny_discrete_characters.fdolpenny?wsdl,4,Bronze
208.6,89,0.8,96,67,100,82,42.0,11,vrnainverseService,http://www.ebi.ac.uk/soaplab/emboss4/services/nucleic_rna_folding.vrnainverse.derived?wsdl,3,Silver
125.5,86,21.3,86,73,89,84,2.0,59,MSInfoService,http://www.eggheadcafe.com/webservices/msinfoservice/msinfoservice.asmx?wsdl,1,Platinum
218.6,93,1.1,98,73,100,84,5.4,33,pepstatsService,http://genome.dkfz-heidelberg.de/menu/hobit/embapps/wsdl/pepstats.wsdl,2,Gold
127.0,90,23.1,96,67,100,83,9.0,10,Compound1,http://www.whitemesa.com/r3/compound1.wsdl,1,Platinum
103.25,93,20.0,98,73,78,84,1.0,86,DOTSValidateCanada,http://ws2.serviceobjects.net/avca/ValidateCanada.asmx?wsdl,1,Platinum
750.0,83,7.4,84,73,100,87,3.0,5,RemoteOnlineReadingWS,http://rep.oio.dk/kmd.dk/energi/xml/wsdl/2005/07/05/RemoteOnlineReadingWS.wsdl,3,Silver
214.0,67,8.5,68,73,78,84,116.6,37,AddressVerifier,http://services.argosoft.com/AddressValidation/AddressVerifier.asmx?wsdl,3,Silver
94.67,98,4.7,99,73,100,84,16.34,8,MSN,http://ws.acrosscommunications.com/MSN.asmx?WSDL,2,Gold
303.0,84,3.2,84,67,78,77,3.0,87,RSSService,http://neon.vb.cbs.nl/sodi/RSS/SodiRSSService.asmx?wsdl,2,Gold
218.8,89,1.4,96,73,100,84,9.2,36,shuffleseqService,http://genome.dkfz-heidelberg.de/menu/hobit/embapps/wsdl/shuffleseq.wsdl,2,Gold
350.33,91,7.5,91,73,78,80,51.83,1,OHRwurmIndexService,http://ohrwurm.net/soap/index/OHRwurmIndex.wsdl,3,Silver
213.17,99,1.2,100,60,100,79,44.34,56,TelesignAPI,http://ws.strikeiron.com/TeleSign/televerification?WSDL,2,Gold
113.09,53,8.4,53,60,89,74,7.18,60,Round4XSDTest,http://mssoapinterop.org/asmx/xsd/round4XSD.wsdl,4,Bronze
140.67,63,4.2,64,60,78,62,3.0,2,NavigatePublicationTarget,http://rep.oio.dk/gentofte.dk/xml/wsdl/2005/09/12/NavigatePublicationTarget.wsdl,4,Bronze
153.32,97,9.2,97,60,100,74,2.96,91,NominaliaWS,http://ws.nominalia.com/WS/NominaliaWS.asmx?WSDL,1,Platinum
151.0,83,24.0,84,78,89,89,15.0,64,christmas,http://soap.fmui.de/christmas.wsdl,1,Platinum
312.5,21,3.1,22,42,100,72,25.9,89,SforceService,http://www.scuttlefish.com/sforce.xml,4,Bronze
88.0,83,28.2,84,89,89,93,3.0,10,learn,http://amadeus.biosci.arizona.edu/~nirav/learn.wsdl,1,Platinum
1818.64,62,2.4,63,73,78,84,37.35,11,SMS_Service,http://extra.vianett.no/webservices/vianett_sms_service/SMS_Service.asmx?wsdl,4,Bronze
175.5,86,12.4,95,73,100,80,3.5,4,CooccurrencesService,http://wortschatz.uni-leipzig.de/axis/services/Cooccurrences?wsdl,2,Gold
190.0,98,3.7,99,89,78,93,17.75,6,eUtilsService,http://www.ncbi.nlm.nih.gov/entrez/eutils/soap/eutils_lite.wsdl,2,Gold
540.67,75,7.3,76,83,50,91,123.0,65,ASPNLexer,http://aspn.activestate.com/ASPN/Cookbook/HTMLLexer/ASPNLexer.wsdl,3,Silver
122.0,63,9.6,63,80,100,87,2.33,4,ExchangeRateService,http://www-128.ibm.com/developerworks/webservices/library/ws-jsrart/Sample.wsdl,3,Silver
341.39,82,0.9,82,53,89,66,122.26,7,AnalysisWSAppLabImplService,http://www.ebi.ac.uk/soaplab/emboss4/services/alignment_local.matcher?wsdl,4,Bronze
730.2,86,3.4,95,73,89,84,47.8,37,InsertRelation,http://www.zbirka.com/Services/DOCTRACE_SERVICE/InsertRelation.asmx?wsdl,2,Gold
189.0,83,27.6,84,78,89,89,1.0,58,SOAP,http://www.progem.bg/BGTrans/services.wsdl,1,Platinum
257.0,94,1.2,98,67,100,82,37.2,7,revseqService,http://www.ebi.ac.uk/soaplab/emboss4/services/edit.revseq.derived?wsdl,3,Silver
64.0,83,24.8,84,78,89,89,4.0,11,SecureLogin,http://www.daytonequipment.com/dei-web/Global/SecureLogin.asmx?WSDL,1,Platinum
89.0,83,13.2,84,73,67,80,1.0,36,SortNumbers,http://www.calstatela.edu/faculty/jmiller6/cs454-winter2003/notes/sort.wsdl,3,Silver
198.5,72,15.1,72,83,89,91,6.0,4,SerClsPeticionSOAPTPVPCservice,http://sas-d.sermepa.es/TPV_PC/wsdl/SerClsEntradaTPVPCv3d0.wsdl,2,Gold
1301.33,98,3.5,98,83,89,91,154.5,4,PhylogeneticService,http://staff.vbi.vt.edu/pathport/services/wsdls/phylogenetic.wsdl,2,Gold
266.0,83,19.2,84,83,89,91,8.0,10,SalesService,http://freeride.com/lc/Sales.php?wsdl,1,Platinum
111.67,85,7.4,95,73,78,84,9.0,3,GoogleSearchService,http://www.myjavaserver.com/~tsschnoc/GoogleSearch.wsdl,3,Silver
465.0,83,9.1,84,83,89,93,63.0,10,BankValSOAP,http://www.unifiedsoftware.co.uk/BankValgetdetail.wsdl,2,Gold
2482.0,94,5.6,98,73,78,84,2.0,10,FrequencyUnit,http://www.webservicex.net/convertFrequency.asmx?WSDL,3,Silver
96.67,92,3.9,97,58,100,75,13.67,87,WolframSearchService,http://webservices.wolfram.com/services/SearchServices/WolframSearch.wsdl,1,Platinum
117.0,88,11.0,96,73,78,84,7.33,2,GoogleSearchService,http://www.ice.urv.es:8080/packages/google/GoogleSearch.wsdl,3,Silver
379.78,85,2.3,85,53,89,66,106.04,10,AnalysisWSAppLabImplService,http://www.ebi.ac.uk/soaplab/emboss4/services/phylogeny_discrete_characters.fpenny?wsdl,4,Bronze
1328.5,56,3.8,56,83,89,91,3.75,10,GeneidmapService,http://staff.vbi.vt.edu/pathport/services/wsdls/geneidmap.wsdl,4,Bronze
132.86,28,3.8,28,78,50,89,4.36,62,Chemistry,http://soap.fmui.de/chemistry.wsdl,4,Bronze
3111.67,99,2.1,100,67,100,77,4.34,87,RadioMallWS,http://ws.strikeiron.com/RadioMallWS?WSDL,2,Gold
1456.67,90,4.1,96,73,78,62,19.0,93,CasService,http://voservices.net/CasService/ws_v1_0/CasService.asmx?wsdl,3,Silver
114.67,93,10.8,98,73,78,84,6.0,6,GoogleSearchService,http://www.update.uu.se/~adde/mt/lib/MT/GoogleSearch.wsdl,2,Gold
82.0,83,41.2,84,67,89,77,2.0,10,ISOcodesSOAP,http://www.siliconllama.com/services/wsdl/ISOcodesService.wsdl,2,Gold
206.4,94,2.4,98,58,100,75,7.6,42,tmapService,http://genome.dkfz-heidelberg.de/menu/hobit/embapps/wsdl/tmap.wsdl,2,Gold
105.78,60,10.9,61,73,67,80,59.17,37,DelayedStockQuote,http://ws.cdyne.com/delayedstockquote/delayedstockquote.asmx?wsdl,4,Bronze
164.0,100,7.3,100,73,100,84,48.25,11,GetOrderInfo,http://my.nctm.org/ebusiness/WebServices/GetOrderInfo.asmx?wsdl,2,Gold
417.0,86,6.5,86,73,100,84,230.0,5,NewsWebSvc,http://www.01191.com/WebService/01191newsXML.asmx?wsdl,3,Silver
184.0,100,12.1,100,80,78,87,1.0,9,elewebdir,http://www.gardatrentinonline.it/servizi/elewebdir.asmx?WSDL,2,Gold
85.25,97,19.3,99,73,89,62,28.25,92,ImageService,http://www.leadtools.net/Services/ImageService/ImageService.asmx?WSDL,1,Platinum
564.5,97,13.4,99,73,100,84,1.0,12,HashClass,http://www.bs-byg.dk/hashclass.wsdl,2,Gold
246.6,92,3.0,97,73,100,84,43.4,5,pdbtospService,http://www.ebi.ac.uk/soaplab/emboss4/services/utils_database_creation.pdbtosp.derived?wsdl,2,Gold
363.0,63,8.4,63,67,89,72,43.67,6,MetadbSearchService,http://www.ps.noda.tus.ac.jp/axis/services/metadb?wsdl,4,Bronze
84.0,91,12.5,97,67,78,82,2.0,8,BasicAddressMatch,http://www.bgtaddresstools.beta.state.pa.us/BasicAddressMatch/BasicAddressMatch.asmx?wsdl,3,Silver
221.75,78,9.2,78,73,67,84,82.75,42,InstantOrder,http://www.sonnenburg.se/CommerceVBVS/InstantOrder.asmx?WSDL,3,Silver
963.0,95,11.1,98,58,100,57,6.0,5,TWS-DS,http://www.trustedwebservices.org/trustedx/downloads/DigitalSignature.wsdl,4,Bronze
125.33,94,7.9,98,73,78,84,10.33,12,GoogleSearchService,http://dotnet.jku.at/book/solutions/7/GoogleSearch.wsdl,2,Gold
93.37,96,13.5,99,67,89,58,41.66,93,CommandService,http://www.leadtools.net/Services/CommandService/CommandService.asmx?wsdl,1,Platinum
268.0,83,17.2,84,67,89,72,37.0,11,SWGCraftAPI,http://www.swgcraft.com/soap/swgcraftapi.php?wsdl,3,Silver
206.0,95,1.2,98,73,100,84,8.8,34,etandemService,http://genome.dkfz-heidelberg.de/menu/hobit/embapps/wsdl/etandem.wsdl,2,Gold
560.62,100,2.2,100,78,89,89,41.85,90,?????????,http://submit.8848.com/biz.asmx?wsdl,1,Platinum
1442.86,87,2.9,95,73,78,84,46.72,5,WSMaxsproutService,http://www.ebi.ac.uk/Tools/webservices/wsdl/WSMaxsprout.wsdl,3,Silver
372.25,66,4.7,66,80,89,83,77.83,8,Service,http://macrowebservices.com/clients/sdg/ws/service.asmx?WSDL&v=16,3,Silver
151.1,60,5.5,61,67,78,72,33.1,7,SoapTest,http://www.mssoapinterop.org/asmx/simpleb.asmx?wsdl,4,Bronze
217.4,87,15.1,96,73,100,84,7.2,41,wordmatchService,http://genome.dkfz-heidelberg.de/menu/hobit/embapps/wsdl/wordmatch.wsdl,1,Platinum
288.21,93,7.7,98,67,78,82,16.0,92,CreditCard,http://webservices.primerchants.com/creditcard.asmx?WSDL,1,Platinum
329.13,85,0.4,85,53,89,66,139.74,8,AnalysisWSAppLabImplService,http://www.ebi.ac.uk/soaplab/emboss4/services/alignment_global.est2genome?wsdl,4,Bronze
72.25,89,10.1,89,78,78,89,2.75,11,X3WS,http://emaint.no-ip.com/emaintws/x3ws.wsdl,2,Gold
582.85,56,4.4,58,67,89,77,113.66,3,SharewareService,http://service.sharewarestarterkit.com/sharewareservice.asmx?wsdl,4,Bronze
1212.2,90,4.5,90,60,78,69,70.8,5,Schedule,http://webservices.aeroflot.ru/flightSearch.wsdl,4,Bronze
181.0,83,30.6,84,80,78,83,94.0,7,walker_service,http://www.walkermowers.com/ws/opei/claime.wsdl,2,Gold
391.6,92,10.8,97,73,100,84,12.6,35,extractfeatService,http://genome.dkfz-heidelberg.de/menu/hobit/embapps/wsdl/extractfeat.wsdl,1,Platinum
996.0,84,3.0,84,60,78,69,120.0,38,FlickrComment,http://www.imadeitlast.com/Webservices/Flickr/CommentFeed/commandAPI.asmx?wsdl,4,Bronze
230.48,82,8.3,83,53,89,66,57.44,10,AnalysisWSGowlabImplService,http://www.ebi.ac.uk/soaplab/emboss4/services/testing.yeastgrid?wsdl,4,Bronze
252.33,100,10.8,100,50,100,62,6.44,5,ServiceTransfert,http://www.thomasbouche.com/WS/Transfert/WSTransfert.asmx?wsdl,3,Silver
1345.5,78,4.0,79,73,78,84,23.25,4,WSMPsrchService,http://www.ebi.ac.uk/Tools/webservices/wsdl/WSMPsrch.wsdl,4,Bronze
200.0,78,9.6,78,73,89,80,81.5,37,InstantOrder,http://www.onecone.com/WebServices/instantorder.asmx?wsdl,3,Silver
220.2,93,14.2,98,73,100,84,9.0,34,getorfService,http://genome.dkfz-heidelberg.de/menu/hobit/embapps/wsdl/getorf.wsdl,1,Platinum
178.0,56,5.2,57,78,89,89,16.75,10,IHessServiceservice,http://www.hess-autoteile-shop.de/soap/hessservice.dll/wsdl/IHessService,3,Silver
111.33,95,11.0,99,67,78,77,31.8,96,ForumSecure,http://netservice.fossware.com/ForumSecure.asmx?wsdl,1,Platinum
872.12,89,5.6,96,73,78,80,5.74,87,GenreTermsAndSubjectHeadings,http://www.oclc.org/research/projects/termservices/WebServices/GenreTermsAndSubjectHeadings/GenreTermsAndSubjectHeadings.asmx?wsdl,2,Gold
186.0,86,11.3,86,60,89,69,6.5,5,Random Quote,http://www.boyzoid.com/comp/randomQuote.cfc?wsdl,4,Bronze
667.11,38,2.1,38,73,89,75,82.0,39,SPRACI,http://www.spraci.com/services/soap/index.php?wsdl&gg,4,Bronze
413.5,98,11.4,100,80,89,78,4.5,36,hellowsdl,http://www.carlitoscontin.com.ar/test1.php?wsdl,1,Platinum
4989.67,93,1.6,93,73,100,80,14.0,5,Api,http://www.epostservice.com/ws/api_10.asmx?wsdl,4,Bronze
404.2,87,1.2,95,67,100,82,45.0,8,vrnacofoldService,http://www.ebi.ac.uk/soaplab/emboss4/services/nucleic_rna_folding.vrnacofold.derived?wsdl,3,Silver
171.0,67,8.0,67,73,78,84,7.25,32,Wordml2latexService,http://www.mondorux.com/(4r2j4p55lk135d55vklr2255)/servizi/Wordml2latexService.asmx?WSDL,3,Silver
120.0,87,24.2,95,67,89,82,2.0,7,interopLabEchoHeader,http://mssoapinterop.org/stkV3/InteropC.wsdl,2,Gold
119.0,83,10.7,84,73,89,80,1.0,2,ExecutablePackage,http://www.l3s.de/~olmedilla/students/2006/ExecutablePackage.wsdl,3,Silver
130.5,86,7.9,86,73,78,84,2.0,40,SportingGoodsFinder,http://www.xmlme.com/WSSportingGoods.asmx?WSDL,2,Gold
261.62,21,1.5,21,53,78,66,14.12,3,SABLEModelServerRPCService,http://ems.eurostep.fi:8080/EMS/services/SABLE.MSWS.RPC?wsdl,4,Bronze
329.0,98,23.9,99,73,100,80,20.0,7,DownloadService,http://www.samsung.com/pl/support/WcmsService/DownloadService.asmx?WSDL,1,Platinum
181.36,98,12.6,99,73,100,84,17.63,90,ManageLoginsAndRanges,http://webservices.kull.ch/Numbering/ManageLoginsAndRanges.asmx?WSDL,1,Platinum
163.0,90,20.1,97,58,78,75,1.0,10,DealerLocator,http://ws.toyota.com/DLWS/services/DealerLocatorSoap?wsdl,3,Silver
222.47,97,8.5,99,60,78,54,12.61,87,SIMS,http://sviluppo.sister.it/SIMSWebService/SIMS.asmx?WSDL,3,Silver
415.93,95,7.3,95,67,100,77,10.29,60,MapImage,http://arcwebstg.esri.com/services/v2006/MapImage.wsdl,1,Platinum
141.25,59,0.8,59,53,89,66,34.25,6,PropertyInformation,http://www.larimer.org/webservices/PropertyInformation.cfc?wsdl,4,Bronze
463.6,91,2.0,91,73,100,84,98.4,41,showdbService,http://genome.dkfz-heidelberg.de/menu/hobit/embapps/wsdl/showdb.wsdl,2,Gold
237.36,59,7.7,60,73,78,84,2.5,89,ExchangeRates,http://www.gama-system.com/webservices/exchangerates.asmx?wsdl,2,Gold
179.6,61,7.2,61,78,89,89,34.8,10,MessageServerService,http://sharifibrahim.com/2005/networking/chat.wsdl,3,Silver
228.2,86,14.8,95,73,100,84,8.0,35,pasteseqService,http://genome.dkfz-heidelberg.de/menu/hobit/embapps/wsdl/pasteseq.wsdl,1,Platinum
124.0,91,26.9,97,73,78,84,8.0,66,magic,http://www.cs.fsu.edu/~engelen/magic.wsdl,1,Platinum
287.4,91,1.3,97,50,100,72,36.6,3,prettyplotService,http://www.ebi.ac.uk/soaplab/emboss4/services/alignment_multiple.prettyplot.derived?wsdl,4,Bronze
322.0,91,19.6,97,73,100,80,109.0,10,FlightRouteAggregatorService,http://www.pathfinder-xml.com/development/WSDL/FlightRouteAggregatorService.wsdl,2,Gold
100.0,94,21.8,98,73,100,87,2.0,64,FlightInformation,http://ws.cendant.com/B2BGateway/service/FlightInformation?WSDL,1,Platinum
563.0,80,2.3,80,53,67,76,7.0,7,Interop,http://www.mssoapinterop.org/stk/LoggedInteropTyped.wsdl,4,Bronze
333.52,86,3.0,86,53,89,66,111.26,11,AnalysisWSAppLabImplService,http://www.ebi.ac.uk/soaplab/emboss4/services/phylogeny_molecular_sequence.ffreqboot?wsdl,4,Bronze
266.6,88,1.9,96,67,100,82,43.2,6,garnierService,http://www.ebi.ac.uk/soaplab/emboss4/services/protein_2d_structure.garnier.derived?wsdl,3,Silver
234.6,50,10.0,51,83,89,91,3.4,64,Guthrie,http://www-iepm.slac.stanford.edu/tools/soap/wsdl/old/guthrie-veryold.wsdl,2,Gold
396.75,78,7.7,79,73,89,80,4.0,10,Inventory,http://www.yarncountry.com/invsvc/Inventory.asmx?wsdl,3,Silver
171.68,38,8.7,39,78,50,89,13.36,9,demoService,http://www.4s4c.com/wsdl/demo2.wsdl,4,Bronze
151.5,90,12.6,96,67,100,82,1.0,90,CaribbeanT,http://www.regomnet.de/CaribbeanT.asmx?WSDL,1,Platinum
837.25,78,5.7,78,73,89,80,55.0,90,NewsService,http://www.dotnetpro.de/xmlwebservices/news.asmx?wsdl,2,Gold
171.0,86,16.5,95,73,100,80,2.0,8,Batch,http://validator2.addressdoctor.com/addBatch/Batch.asmx?WSDL,2,Gold
361.0,50,6.5,51,67,100,77,181.6,9,DisponibilitaOutsourcerService,http://xml.worldstartel.it:8080/ws/wsdl/DisponibilitaOutsourcerSoap.wsdl,4,Bronze
100.56,99,14.1,100,73,78,80,1.23,91,DOTSAddressValidate,http://trial.serviceobjects.com/av/AddressValidate.asmx?wsdl,1,Platinum
222.08,59,7.6,59,73,78,80,60.37,27,Content,http://api.legiomedia.com/Content.asmx?WSDL,4,Bronze
137.71,79,2.4,80,67,78,82,9.21,56,interop2,http://www.cs.fsu.edu/~engelen/interop2_2.wsdl,3,Silver
107.0,83,27.6,84,83,89,91,9.0,64,eBayWatcherService,http://www.echo.eos.nasa.gov/documents/wsdl/extended-services/EBayWatcherService.wsdl,1,Platinum
121.67,99,9.6,100,73,100,84,0.67,65,TravelCodesTranslator,http://copyws.cendant.com/B2BGateway/service/TravelCodesTranslator?WSDL,1,Platinum
324.5,95,3.9,99,73,78,75,68.0,2,SeikaCodePublish,http://edicode.vips.gr.jp/SeikaCodePublish.asmx?WSDL,3,Silver
233.2,97,2.1,99,73,100,84,7.4,32,newcpgseekService,http://genome.dkfz-heidelberg.de/menu/hobit/embapps/wsdl/newcpgseek.wsdl,1,Platinum
223.0,91,3.9,97,73,100,84,33.4,4,acdtableService,http://www.ebi.ac.uk/soaplab/emboss4/services/acd.acdtable.derived?wsdl,2,Gold
338.74,82,0.7,83,53,89,66,85.31,7,AnalysisWSAppLabImplService,http://www.ebi.ac.uk/soaplab/emboss4/services/nucleic_rna_folding.vrnaevalpair?wsdl,4,Bronze
281.91,86,4.4,86,53,89,66,86.61,8,AnalysisWSAppLabImplService,http://www.ebi.ac.uk/soaplab/emboss4/services/edit.degapseq?wsdl,4,Bronze
1558.07,97,2.6,98,67,89,58,13.14,93,ERSWebCensusMapService,http://maps.ers.usda.gov/Profiles/backup/Profiles/Web%20References/mapspreview/ERSWebCensusMapService.wsdl,3,Silver
319.2,89,3.9,96,58,89,69,1.4,59,SiteFetchService,http://arestestsite.communityzero.com/ws/api/Session.wsdl,3,Silver
402.78,87,6.9,95,60,78,74,132.63,89,XigniteQuotes,http://www.xignite.com/xquotes.asmx?WSDL,2,Gold
105.6,100,19.2,100,73,78,84,0.6,95,DOTSEmailValidate,http://ws2.serviceobjects.net/ev/EmailValidate.asmx?wsdl,1,Platinum
300.0,88,28.0,96,73,100,80,14.0,8,DownloadService,http://www.samsung.com/he/support/WcmsService/DownloadService.asmx?WSDL,1,Platinum
97.73,97,13.3,99,60,67,74,4.46,32,BlueLMSWS,http://blue.isoph.com/IsophBlueWS/IsophBlueWS.asmx?wsdl,3,Silver
603.54,31,1.7,32,78,78,91,130.85,8,XWeb1003Port,http://ws.xwebservices.com/XWeb1003/V2/XWeb1003.wsdl,4,Bronze
258.0,92,3.2,97,73,100,84,32.4,5,codcopyService,http://www.ebi.ac.uk/soaplab/emboss4/services/edit.codcopy.derived?wsdl,2,Gold
440.06,91,7.0,97,60,89,69,182.3,4,Sisu,http://cedemo.hotelzon.com/hsi_1.15/dispatcher?WSDL,4,Bronze
104.5,85,15.6,95,73,89,62,46.5,92,UserService,http://leadtools.net/Services/UserService/UserService.asmx?wsdl,1,Platinum
254.4,98,1.3,99,67,100,82,35.6,3,listorService,http://www.ebi.ac.uk/soaplab/emboss4/services/edit.listor.derived?wsdl,3,Silver
765.0,99,16.5,100,73,100,80,6.0,90,SnowReport,http://www.thecave.com/ws/snowreport.wsdl,1,Platinum
78.0,100,10.0,100,80,78,65,1.0,12,featureDetails,http://citizenatlas.dc.gov/webservices/featuredetails.asmx?wsdl,3,Silver
80.5,88,1.1,96,73,78,62,29.5,7,DEAWebsvcClass,http://www.deanumber.com/Websvc/deaWebsvc.asmx?wsdl,4,Bronze
125.45,59,8.6,60,73,78,84,58.45,93,CasGroups,http://casjobs.sdss.org/CasJobs/CasGroups.asmx?wsdl,2,Gold
133.0,100,7.7,100,60,89,69,48.25,5,QueryServiceService,http://cuero.tacc.utexas.edu:8080/gridport/services/GPIRQuery?wsdl,3,Silver
149.75,78,9.4,78,80,89,87,4.5,89,BBWS,http://www.borgerblanketter.dk/BBWS/BBWS.asmx?WSDL,1,Platinum
416.25,69,6.0,70,67,78,72,164.13,93,NetDicV08,http://btonic.est.co.jp/NetDic/NetDicv08.asmx?WSDL,3,Silver
323.0,90,23.5,97,73,100,80,23.0,3,DownloadService,http://www.samsung.com/ca/support/WcmsService/DownloadService.asmx?WSDL,2,Gold
905.0,96,1.6,99,73,78,84,3.0,4,EnergyUnit,http://www.webservicex.net/ConvertEnergy.asmx?WSDL,3,Silver
122.0,39,1.1,39,33,78,71,7.85,4,InteropServiceAService,http://www.mssoapinterop.org/remoting/ServiceA.soap?wsdl,4,Bronze
333.0,99,23.2,100,73,100,80,19.0,1,DownloadService,http://www.samsung.com/fr/support/WcmsService/DownloadService.asmx?WSDL,1,Platinum
201.48,53,6.7,54,67,67,82,98.35,38,_Get,http://www.sceducationlottery.com/webservices/get.asmx?wsdl,4,Bronze
677.0,83,12.1,84,73,100,84,503.0,9,TranslateSvc,http://office2003research.translate.ru/ResearchService/TranslateSvc.asmx?wsdl,3,Silver
108.8,90,18.1,97,73,78,80,0.8,92,DOTSFraudProtection,http://ws2.serviceobjects.net/fp/FraudProtection.asmx?WSDL,1,Platinum
197.4,99,1.1,100,73,100,84,9.8,33,seqretsplitService,http://genome.dkfz-heidelberg.de/menu/hobit/embapps/wsdl/seqretsplit.wsdl,1,Platinum
111.2,93,16.9,98,67,78,77,0.4,96,XigniteOFAC,http://www.xignite.com/xOFAC.asmx?wsdl,1,Platinum
283.0,71,6.5,71,53,89,66,66.35,6,AnalysisWSAppLabImplService,http://www.ebi.ac.uk/soaplab/emboss4/services/nucleic_restriction.redata?wsdl,4,Bronze
190.07,95,9.8,98,33,78,59,21.83,11,QSv2MsgProcessorService,http://www.q-s.info/fileadmin/pdf/datenbanken/stadat.wsdl,4,Bronze
203.0,89,0.8,96,73,100,84,6.0,42,digestService,http://genome.dkfz-heidelberg.de/menu/hobit/embapps/wsdl/digest.wsdl,2,Gold
235.17,56,1.5,58,73,89,75,33.17,12,MNOAccessService,http://mobilenavigation.siemensvdo.com/uploadimages/MNOAccess.wsdl,4,Bronze
378.0,83,17.8,84,83,89,91,15.0,59,RandomDirectory,http://www.taet.com.au/Web+Service+Agent.nsf/RandomDirectoryWSDL,1,Platinum
215.91,82,7.8,82,53,89,66,53.34,10,AnalysisWSGowlabImplService,http://www.ebi.ac.uk/soaplab/wsdl/testing__yeastgrid.wsdl,4,Bronze
156.0,83,20.5,84,67,89,72,28.0,66,HouseofDev,http://ws.houseofdev.com/cfcs/ws.cfc?wsdl,2,Gold
217.8,88,1.5,96,73,100,84,9.4,35,patmatmotifsService,http://genome.dkfz-heidelberg.de/menu/hobit/embapps/wsdl/patmatmotifs.wsdl,2,Gold
188.8,99,1.0,100,73,100,84,6.8,41,prettyseqService,http://genome.dkfz-heidelberg.de/menu/hobit/embapps/wsdl/prettyseq.wsdl,1,Platinum
334.0,92,1.5,97,67,100,82,38.8,11,fdnadistService,http://www.ebi.ac.uk/soaplab/emboss4/services/phylogeny_molecular_sequence.fdnadist.derived?wsdl,3,Silver
126.5,14,6.3,14,60,78,69,65.09,8,XataDispatchWebService,http://www.xatanet.net/XataNetWebService/xatadispatchwebservice.asmx?WSDL,4,Bronze
243.07,89,4.6,89,53,89,66,59.53,4,edit__descseqService,http://www.ebi.ac.uk/soaplab/services/edit.descseq.derived?wsdl,4,Bronze
101.0,93,17.9,98,73,78,80,0.83,93,DOTSContactValidation,http://trial.serviceobjects.com/cv/ContactValidation.asmx?WSDL,1,Platinum
568.6,54,1.3,54,67,89,72,404.6,81,Query,http://arcweb.esri.com/services/v2/Query.wsdl,4,Bronze
786.5,67,4.8,67,50,89,66,133.0,7,Sandbox6Service,http://oscar.snapps.com/Portal.nsf/Sandbox6?wsdl,4,Bronze
513.5,27,3.8,28,33,89,59,30.0,29,DocumentManager,http://isb.oio.dk/oioservice/service/public/3/restricted/repositorymanager.asmx?WSDL,4,Bronze
76.0,98,23.4,99,50,89,77,2.0,5,GtsInterfacesService,http://www.myyellow.com/dynamic/services/content/ecommerce/etools/webservices/gtsimplfbn.wsdl,3,Silver
178.4,87,9.7,96,73,89,62,65.8,10,WorldTimeService,http://www17.brinkster.com/imneo/timesvc.asmx?wsdl,3,Silver
196.0,88,9.8,96,73,78,84,37.0,8,sample,http://www.startvbdotnet.com/aspsite/webservices/sample1.asmx?wsdl,3,Silver
210.25,78,8.8,78,67,89,72,54.75,8,AMIWebServiceService,http://www.usatlas.bnl.gov/~dladams/dial/releases/0.94/dial/dial_ws_ami/gsoap/dial_ws_ami.wsdl,4,Bronze
406.25,91,1.7,97,73,78,84,205.75,24,devCadastro,http://www.devaspnet.com.br/servicos/cadastro/devcadastro.asmx?wsdl,3,Silver
44.97,51,7.8,52,60,89,69,1.59,35,CB_CH,http://www.multispeak.org/interface/30j/14_CB_CH.asmx?wsdl,4,Bronze
452.75,88,4.5,96,67,100,72,142.25,88,LORAX,http://lex.thelearningfederation.edu.au/WebServices/LearningExchange.asmx?WSDL,1,Platinum
65.0,99,31.6,100,80,89,65,21.0,42,Statistics,http://www.strikeiron.com/scripts/statistics.asmx?wsdl,1,Platinum
359.61,85,1.1,86,53,89,66,110.48,10,AnalysisWSAppLabImplService,http://www.ebi.ac.uk/soaplab/emboss4/services/phylogeny_molecular_sequence.fdnapars?wsdl,4,Bronze
203.0,87,3.6,96,73,78,84,21.0,38,XmlTracking,http://www.baxglobal.com/xmltracking/xmltracking.asmx?wsdl,2,Gold
130.25,78,9.4,79,73,89,84,4.0,11,Proverbs,http://www.mastercsharp.com/live/ProverbService1/ProverbService.asmx?WSDL,3,Silver
1418.2,80,3.5,81,73,78,84,43.0,4,WSDaliLiteService,http://www.ebi.ac.uk/Tools/webservices/wsdl/WSDaliLite.wsdl,4,Bronze
222.0,92,1.6,97,58,100,75,9.0,33,pepwindowService,http://genome.dkfz-heidelberg.de/menu/hobit/embapps/wsdl/pepwindow.wsdl,3,Silver
292.2,90,12.3,97,73,100,84,12.4,39,stretcherService,http://genome.dkfz-heidelberg.de/menu/hobit/embapps/wsdl/stretcher.wsdl,1,Platinum
151.33,97,6.9,99,73,78,84,8.66,6,GoogleSearchService,http://tag.u-strasbg.fr/~genaud/tutorial/sd/cvs/src/soap/wsdl/GoogleSearch.wsdl,3,Silver
295.67,73,4.0,74,73,89,80,152.17,95,Vigenere1,http://www.quisque.com/fr/chasses/crypto/vigenere1.asmx?WSDL,2,Gold
270.4,87,2.4,96,67,100,82,52.6,2,wordcountService,http://www.ebi.ac.uk/soaplab/emboss4/services/nucleic_composition.wordcount.derived?wsdl,3,Silver
262.5,89,5.3,96,73,100,80,18.0,60,LandmarkService,http://terraserver-usa.com/LandmarkService.asmx?wsdl,1,Platinum
416.33,46,5.1,46,83,89,91,6.33,7,PML,http://xml.nig.ac.jp/wsdl/PML.wsdl,4,Bronze
501.79,28,4.8,28,73,67,80,88.36,40,JanusSvc,http://www.rsdn.ru/ws/Janus.asmx?WSDL,4,Bronze
201.6,91,1.5,97,73,100,84,7.8,36,pscanService,http://genome.dkfz-heidelberg.de/menu/hobit/embapps/wsdl/pscan.wsdl,2,Gold
297.8,91,0.9,97,73,100,84,6.4,40,prophecyService,http://genome.dkfz-heidelberg.de/menu/hobit/embapps/wsdl/prophecy.wsdl,2,Gold
142.5,94,6.8,98,73,78,84,12.5,3,ResearchService,http://search.mondosoft.com/webservice/researchservice.asmx?wsdl,3,Silver
162.5,92,12.3,97,73,100,80,5.0,2,LeftCollocationFinderService,http://wortschatz.uni-leipzig.de/axis/services/LeftCollocationFinder?wsdl,2,Gold
131.15,90,14.0,97,60,100,79,1.23,91,XWebNews,http://ws.xwebservices.com/XWebNews/XWebNews.asmx?wsdl,1,Platinum
113.5,96,1.3,99,60,100,79,24.0,10,ZacksSummary,http://ws.strikeiron.com/ZacksSummary?WSDL,3,Silver
1733.09,97,2.8,99,73,89,62,11.36,8,SmsTransfer,http://www.crm4me.com.tr/crm4me_services/smstransfer.asmx?WSDL,4,Bronze
146.43,98,1.9,99,83,78,91,1.5,6,eUtilsService,http://www.ncbi.nlm.nih.gov/entrez/eutils/soap/eutils.wsdl,2,Gold
56.2,97,22.5,99,67,78,72,7.0,78,DoNotCall,http://www.strikeiron.com/webservices/donotcall.asmx?wsdl,1,Platinum
241.0,100,24.6,100,83,89,91,8.0,7,InterTranService,http://trans.nict.go.jp/axis/services/InterTran?wsdl,1,Platinum
116.0,99,24.5,100,60,100,69,14.5,33,Search,http://ws.strikeiron.com/idEXEC/idexec1_0?WSDL,1,Platinum
198.83,76,0.7,76,73,78,80,30.33,39,GeoBrokr,http://www.zipmgr.com/GeoBrokr.asmx?wsdl,3,Silver
256.6,99,0.8,100,67,100,82,40.6,9,splitterService,http://www.ebi.ac.uk/soaplab/emboss4/services/edit.splitter.derived?wsdl,2,Gold
148.69,95,14.4,95,67,100,77,5.92,64,DataManager,http://www.arcwebservices.com/services/v2006/DataManager.wsdl,1,Platinum
729.0,94,15.2,98,73,100,80,480.0,9,MarketData,http://www.dfm.ae/marketwatch/ws/MarketData.asmx?WSDL,2,Gold
183.0,94,27.6,98,80,100,87,15.0,2,SerClsWSPasarelaPINPADService,http://sas-d.sermepa.es/TPV_PC/wsdl/SerClsPasarelaPINPADv1d0.wsdl,1,Platinum
1078.33,84,5.8,84,72,78,86,92.33,63,MAGGIE,http://www-iepm.slac.stanford.edu/tools/soap/wsdl/old/MAGGIE_profile.wsdl,2,Gold
134.0,83,22.5,84,83,89,91,9.0,4,VersionService,http://superglue.badc.rl.ac.uk/exist/services/Version?wsdl,1,Platinum
119.0,86,18.1,86,73,89,84,4.5,12,HitCounter,http://www.comriesoftware.net/cshitcounter/hitcounter.asmx?WSDL,2,Gold
203.6,97,3.3,99,58,100,75,6.8,32,findkmService,http://genome.dkfz-heidelberg.de/menu/hobit/embapps/wsdl/findkm.wsdl,2,Gold
1510.33,82,3.2,83,73,78,84,19.66,2,WSMafftService,http://www.ebi.ac.uk/Tools/webservices/wsdl/WSMafft.wsdl,4,Bronze
184.74,62,7.9,62,67,67,77,19.3,10,v40,http://www.smartlaunch.net/Software/Releases/v4.0/v40.asmx?WSDL,4,Bronze
109.6,99,19.3,100,73,78,62,1.0,94,NewsNArticles,http://www.perfectxml.com/WebServices/NewsNArticles/Updates.asmx?WSDL,1,Platinum
210.6,88,0.7,96,73,100,84,6.6,40,biosedService,http://genome.dkfz-heidelberg.de/menu/hobit/embapps/wsdl/biosed.wsdl,2,Gold
298.83,46,7.7,46,83,89,91,114.0,91,nalennd,http://www.nalennd.com/nalennd.wsdl,2,Gold
42.5,72,13.1,72,73,78,84,3.5,8,XarayaSoap,http://xaraya.open-world.com.ve/modules/soapserver/xaraya.wsdl,3,Silver
3343.0,83,5.5,84,83,89,91,2.0,3,SummaryService,http://dcregistry.natlib.govt.nz/axis/services/itemSummary?wsdl,3,Silver
499.0,83,19.7,84,83,89,91,31.0,5,ippcService,http://www.env.cz/ippc/wsdl,2,Gold
216.5,98,4.0,100,67,100,77,17.5,18,muller,http://sws-challenge.org/shipper/v2/muller.wsdl,2,Gold
1691.75,100,1.0,100,73,78,84,1.25,9,FinanceService,http://www.webservicex.com/FinanceService.asmx?WSDL,3,Silver
288.87,84,2.1,84,53,89,66,94.7,6,AnalysisWSAppLabImplService,http://www.ebi.ac.uk/soaplab/emboss4/services/edit.pasteseq?wsdl,4,Bronze
173.67,63,12.7,63,80,100,87,3.34,11,ExchangeRateService,http://www-128.ibm.com/developerworks/java/library/ws-jsrart/Sample.wsdl,3,Silver
166.0,89,7.0,90,80,89,83,43.75,9,WSDLInteropTestDocLitService,http://www.whitemesa.net/r3/InteropTestDocLit.wsdl,2,Gold
1360.0,83,10.4,84,83,89,91,3.0,3,UpdatesService,http://dcregistry.natlib.govt.nz/axis/services/termUpdates?wsdl,3,Silver
89.0,83,40.4,84,78,89,89,3.0,3,ISOcode2shortformatSOAP,http://www.siliconllama.com/services/wsdl/ISOcode2shortformatService.wsdl,1,Platinum
213.82,59,8.3,59,67,67,77,68.89,87,PCSDealers,http://xml.2buypcs.com/services/pcsdealers.asmx?WSDL,3,Silver
332.11,31,4.5,31,60,78,83,118.67,9,IXMLWS2service,http://ccs.fax.de/xmlws2.exe/wsdl/IXMLWS2,4,Bronze
388.5,73,2.0,73,58,100,72,1.0,97,ETP,http://www.mpay24.com/soap/etp/1.3/ETP.wsdl,2,Gold
848.15,21,3.5,21,78,78,89,451.15,10,interpublish,http://www.cs.usyd.edu.au/~ejb/interpublish.wsdl,4,Bronze
246.4,87,0.8,95,73,100,84,5.6,37,backtranseqService,http://genome.dkfz-heidelberg.de/menu/hobit/embapps/wsdl/backtranseq.wsdl,2,Gold
206.2,87,3.7,96,73,100,84,6.2,34,psiphiService,http://genome.dkfz-heidelberg.de/menu/hobit/embapps/wsdl/psiphi.wsdl,2,Gold
184.67,88,1.9,89,73,78,75,7.67,57,PlaceFinder,http://www.arcwebservices.com/services/v2006/PlaceFinder.wsdl,3,Silver
1321.5,78,4.1,78,73,78,84,27.25,6,WSMuscleService,http://www.ebi.ac.uk/Tools/webservices/wsdl/WSMuscle.wsdl,4,Bronze
1259.33,37,2.9,38,67,89,72,44.77,1,VizieRBetaService,http://cdsws.u-strasbg.fr/axis/services/VizieRBeta?wsdl,4,Bronze
317.0,72,18.4,72,78,89,89,120.0,7,EchoService,http://oscar.snapps.com/Portal.nsf/Echo?wsdl,2,Gold
287.26,86,5.1,86,53,89,66,96.56,2,AnalysisWSAppLabImplService,http://www.ebi.ac.uk/soaplab/emboss4/services/nucleic_mutation.shuffleseq?wsdl,4,Bronze
597.5,98,3.7,100,60,100,74,43.5,66,PhoneValidator,http://ws.strikeiron.com/DesertSoft/PHONEval?WSDL,2,Gold
173.88,99,3.0,100,73,100,87,1.5,95,XmlSelect,http://copyws.cendant.com/B2BGateway/service/XMLSelect?WSDL,1,Platinum
158.0,72,10.4,72,67,78,82,10.5,92,TimeService,http://dotnet.jku.at/buch/samples/7/encoding/TimeService3.asmx?WSDL,2,Gold
105.67,91,3.5,97,60,100,74,23.0,3,IndianAddressVerification,http://ws.strikeiron.com/IndianAddressVerification?WSDL,3,Silver
307.75,71,2.1,71,73,78,84,2.37,4,MathService,http://aspalliance.com/quickstart/aspplus/samples/services/MathService/VB/MathService.asmx?wsdl,4,Bronze
347.0,95,1.2,98,67,100,82,43.4,11,ememeService,http://www.ebi.ac.uk/soaplab/emboss4/services/protein_motifs.ememe.derived?wsdl,2,Gold
146.0,91,1.9,97,67,78,72,12.6,3,FindNearbyPOIService,http://www.viamichelin.com/ws/services/FindNearbyPOI?wsdl,4,Bronze
81.5,89,15.0,96,73,100,84,1.0,37,ValidationService,http://www.web-mojo.com/ssnvalidate.asmx?wsdl,1,Platinum
241.8,94,13.6,98,73,100,84,7.8,41,msbarService,http://genome.dkfz-heidelberg.de/menu/hobit/embapps/wsdl/msbar.wsdl,1,Platinum
325.3,86,1.4,87,53,89,66,91.52,2,AnalysisWSAppLabImplService,http://www.ebi.ac.uk/soaplab/emboss4/services/alignment_consensus.merger?wsdl,4,Bronze
1316.17,75,1.2,75,73,78,84,81.0,12,WSEmbossService,http://www.embl-ebi.ac.uk/Tools/webservices/wsdl/WSEmboss.wsdl,4,Bronze
162.0,98,13.0,100,73,89,75,1.0,3,LoggingService,http://mobilenavigation.siemensvdo.com/mnp/services/Logging?wsdl,2,Gold
323.0,92,24.2,97,80,100,65,16.0,42,RNetService_v1,http://sws-challenge.org/moon/services/RNetService?WSDL,1,Platinum
126.2,90,7.2,91,73,78,84,9.8,6,SoapTest,http://mssoapinterop.org/stk/interopB.wsdl,3,Silver
328.67,21,3.7,21,60,78,79,10.43,6,AmazonSearchService,http://www.daimi.au.dk/~amoeller/WWW/webservices/AmazonWebServices.wsdl,4,Bronze
132.0,83,14.3,84,73,78,84,16.0,63,BlogReaderService,http://www.flash-db.com/services/ws/blogReader.wsdl,2,Gold
107.4,85,19.0,95,73,78,80,0.8,92,DOTSGeoPhone,http://ws2.serviceobjects.net/gp/GeoPhone.asmx?WSDL,1,Platinum
184.67,73,2.7,74,73,89,80,40.84,93,CSearch,http://www.quisque.com/fr/chasses/blasons/search.asmx?WSDL,2,Gold
126.25,100,3.6,100,60,100,74,39.5,32,CurrencyRates,http://ws.strikeiron.com/HouseofDev/currencyrates151?WSDL,2,Gold
219.2,85,0.9,95,58,100,75,7.6,36,hmomentService,http://genome.dkfz-heidelberg.de/menu/hobit/embapps/wsdl/hmoment.wsdl,3,Silver
261.0,100,12.8,100,73,100,84,8.6,37,twofeatService,http://genome.dkfz-heidelberg.de/menu/hobit/embapps/wsdl/twofeat.wsdl,1,Platinum
236.67,63,6.4,63,53,89,66,8.67,67,SubjectBrowserService,http://www.statsbiblioteket.dk/netbibservices/services/SubjectBrowser?wsdl,4,Bronze
280.0,79,2.3,79,80,78,87,2.0,89,Geo2UTM,http://webservices.iter.dk/geoutm.asmx?wsdl,1,Platinum
226.0,78,7.9,78,73,89,84,65.25,90,CEqImage,http://www.quisque.com/fr/techno/eqimage/eqimage.asmx?WSDL,1,Platinum
825.8,90,5.9,91,60,78,69,123.2,6,Schedule,http://webservices.aeroflot.aero/flightSearch.wsdl,4,Bronze
60.05,77,9.1,77,67,100,77,4.1,11,AWSECommerceService,http://webservices.amazon.com/AWSECommerceService/2004-11-10/AWSECommerceService.wsdl,3,Silver
192.0,98,1.3,100,73,100,84,14.0,40,caiService,http://genome.dkfz-heidelberg.de/menu/hobit/embapps/wsdl/cai.wsdl,1,Platinum
299.0,85,3.5,86,53,89,66,104.96,12,AnalysisWSAppLabImplService,http://www.ebi.ac.uk/soaplab/emboss4/services/protein_composition.pepinfo?wsdl,4,Bronze
227.2,86,2.4,95,73,100,84,6.8,39,wordcountService,http://genome.dkfz-heidelberg.de/menu/hobit/embapps/wsdl/wordcount.wsdl,2,Gold
251.6,92,0.9,97,67,100,82,41.6,2,wordmatchService,http://www.ebi.ac.uk/soaplab/emboss4/services/alignment_local.wordmatch.derived?wsdl,3,Silver
55.75,78,10.4,78,73,89,84,3.5,87,Calculator_x0020_Web_x0020_Service,http://www.ecs.syr.edu/faculty/fawcett/handouts/CSE686/code/calcWebService/Calc.asmx?WSDL,1,Platinum
324.0,86,23.1,95,73,100,80,21.0,2,DownloadService,http://www.samsung.com/th/support/WcmsService/DownloadService.asmx?WSDL,2,Gold
131.0,19,4.8,20,67,89,72,3.0,91,RenderService,http://service.mappoint.net/standard-30/mappoint.wsdl,4,Bronze
370.5,86,10.9,86,73,78,84,53.0,11,SMS,http://www.barnaland.is/dev/sms.asmx?WSDL,3,Silver
283.17,84,2.6,85,53,89,66,101.56,5,AnalysisWSAppLabImplService,http://www.ebi.ac.uk/soaplab/services/information.infoseq?wsdl,4,Bronze
724.82,99,4.7,100,60,89,69,13.53,5,SmsGatewayService,http://www.directsms.com.au/info/api/SmsGateway-HTTP.wsdl,4,Bronze
400.57,16,4.3,16,67,89,72,94.86,87,Service2,http://rsdn.ru/ws/service2.asmx?wsdl,4,Bronze
306.0,90,5.5,97,73,100,80,14.5,64,LandmarkService,http://terraserver.microsoft.com/LandmarkService.asmx?wsdl,1,Platinum
151.0,85,28.4,95,83,89,91,18.0,90,ProTagService,http://services.bio.ifi.lmu.de:1046/prothesaurus/services/ProTagService?wsdl,1,Platinum
186.0,93,10.5,94,73,78,80,56.0,12,aotm,http://www.artofthemix.org/aotm.asmx?wsdl,3,Silver
130.33,94,4.5,95,78,33,89,3.5,11,Interop,http://mssoapinterop.org/stk/LoggedInterop1999.wsdl,4,Bronze
1035.0,71,8.4,72,73,78,88,6.0,11,PathFinderService,http://www.sephiroth.it/webservices/pathfinder_server.php?wsdl,4,Bronze
2342.83,75,0.8,76,73,78,84,37.83,3,WSEmbossService,http://www.ebi.ac.uk/Tools/webservices/wsdl/WSEmboss.wsdl,4,Bronze
166.0,83,24.6,84,83,89,91,14.0,5,AssociatedCheckerService,http://sna2.coomeva.com.co/axis/services/Checker?wsdl,1,Platinum
183.42,92,11.0,97,60,89,79,32.58,88,Service1,http://www.velocedge.com/Net/LMWAPI/service1.asmx?wsdl,1,Platinum
384.5,57,5.7,59,67,89,77,24.41,95,oemsearchxmle,http://www.directories.ch/webservices/oemsearch/services/oemsearchXMLe.asmx?wsdl,3,Silver
139.2,40,5.5,40,60,78,54,18.38,4,Lists,http://roberdan.officeisp.net/Marketing/_vti_bin/lists.asmx?wsdl,4,Bronze
262.6,89,13.3,96,67,100,82,44.0,6,sixpackService,http://www.ebi.ac.uk/soaplab/emboss4/services/display.sixpack.derived?wsdl,2,Gold
271.4,92,4.2,97,73,100,84,41.6,5,roconService,http://www.ebi.ac.uk/soaplab/emboss4/services/protein_3d_structure.rocon.derived?wsdl,2,Gold
839.5,56,3.1,57,73,89,75,78.5,40,IDEC_GeoServeis,http://www.geoportal-idec.com/gestor/webservices/idecCoordws.php?wsdl,4,Bronze
491.0,91,4.2,97,73,100,80,23.5,66,LandmarkService,http://terraserverusa.com/LandmarkService.asmx?WSDL,1,Platinum
194.5,72,5.3,72,78,50,85,28.0,2,KBBilledWebservice,http://base.kb.dk/KBBilledWebservice/KBBilledWebservice?WSDL,4,Bronze
1042.17,82,3.1,83,73,78,84,56.0,3,WSInterProScanService,http://www.ebi.ac.uk/Tools/webservices/wsdl/WSInterProScan.wsdl,4,Bronze
4758.0,98,2.4,100,73,89,62,48.0,34,InstantOrder,http://www.petalogic.ch/store/InstantOrder.asmx?WSDL,4,Bronze
287.04,84,1.6,85,53,89,66,99.04,1,AnalysisWSAppLabImplService,http://www.ebi.ac.uk/soaplab/emboss4/services/information.infoseq?wsdl,4,Bronze
265.0,93,2.6,98,67,100,82,41.4,4,seqmatchallService,http://www.ebi.ac.uk/soaplab/emboss4/services/alignment_local.seqmatchall.derived?wsdl,3,Silver
464.17,22,3.5,23,60,78,83,124.39,6,IXMLWS2service,http://ccs.fax.de/xmlws3.exe/wsdl/IXMLWS2,4,Bronze
269.38,99,9.0,100,67,100,72,39.88,65,TerraService,http://www.terraservice.net/terraservice.asmx?wsdl,1,Platinum
118.0,92,27.4,97,58,100,80,3.0,9,Compound2,http://www.whitemesa.net/r3/compound2.wsdl,2,Gold
135.0,83,29.7,84,80,100,72,2.0,57,QualificationWarranty,http://www.pq-verein.de/wsdl/warrantyCancel.wsdl,1,Platinum
108.0,93,30.0,98,73,67,84,2.0,8,WSDLInteropTestDocLitService,http://www.whitemesa.net/r3/InteropTestExtensibilityRequired.wsdl,2,Gold
77.43,42,5.5,43,78,89,89,3.29,63,FullCongoBuy_servoce,http://www.daml.org/services/owl-s/1.1/CongoGrounding.wsdl,3,Silver
271.0,93,3.9,98,73,100,84,44.6,4,ftreedistService,http://www.ebi.ac.uk/soaplab/emboss4/services/phylogeny_consensus.ftreedist.derived?wsdl,2,Gold
172.5,72,14.0,72,83,89,91,7.0,11,SerClsPeticionSOAPTPVPCservice,http://sas-d.sermepa.es/TPV_PC/wsdl/prueba2.wsdl,2,Gold
386.0,87,20.5,96,73,89,62,13.0,1,XPIWS,http://bibshare.dsic.upv.es/XPathInferer/XPIWS.asmx?WSDL,3,Silver
2909.47,94,1.3,98,67,100,82,34.68,7,Service1,http://demo.fet.com.tr/okyanusdch/okyanusdc.asmx?WSDL,4,Bronze
799.0,99,14.4,95,58,89,80,723.0,3,Compound2,http://www.soapclient.com/interop/compound2.wsdl,3,Silver
56.17,97,11.3,97,83,78,91,7.17,3,AWSAlexa,http://awis.amazonaws.com/AWSAlexa/AWSAlexa.wsdl,2,Gold
320.4,89,12.3,96,73,100,84,9.2,35,coderetService,http://genome.dkfz-heidelberg.de/menu/hobit/embapps/wsdl/coderet.wsdl,1,Platinum
264.0,94,0.4,98,73,100,80,13.0,11,EMSFlightMonitorService,http://www.pathfinder-xml.com/development/WSDL/EMSFlightMonitorMessage.wsdl,2,Gold
136.4,90,5.9,91,73,78,84,10.8,10,SoapTest,http://mssoapinterop.org/stk/InteropBtyped.wsdl,3,Silver
